AID_ID_Number,District,Road_EN,Latitude,Longitude
AID01101,Southern,Aberdeen Praya Road near Abba House - Eastbound ,22.248091,114.152525
AID01102,Southern,Aberdeen Praya Road near Hoi Fai Mansion - Eastbound ,22.24712681,114.1577149
AID01103,Southern,Wong Chuk Hang Road near Aberdeen Technical School - Eastbound ,22.24863539,114.1621481
AID01104,Southern,Wong Chuk Hang Road Flyover near AXA Southside - Eastbound ,22.24837379,114.1658151
AID01105,Southern,Wong Chuk Hang Road Flyover near Benefit Industrial Factory Building - Eastbound ,22.2496834,114.1686381
AID01106,Southern,Wong Chuk Hang Road near Hong Kong Academy of Medicine - Eastbound ,22.25044211,114.1718782
AID01107,Southern,Aberdeen Tunnel near Wong Chuk Hang Hospital - Eastbound ,22.24999065,114.1762923
AID01108,Wan Chai,Wong Nai Chung Gap Flyover near Racecourse - Northbound ,22.27186288,114.1801247
AID01109,Wan Chai,Canal Road Flyover near Cricket Club - Northbound ,22.27659491,114.1810758
AID01110,Wan Chai,Canal Road Flyover near Wan Chai Fire Station - Northbound ,22.279356,114.181217
AID01111,Kowloon City,Hong Chong Road near The Hong Kong Polytechnic University - Northbound (1) ,22.30412026,114.1809989
AID01112,Kowloon City,Hong Chong Road near The Hong Kong Polytechnic University - Northbound (2) ,22.30492398,114.1813386
AID01113,Yau Tsim Mong,Princess Margaret Road near Parc Palais- Northbound  ,22.31029,114.17816
AID01114,Kowloon City,Princess Margaret Road near Oi Man Estate - Northbound ,22.31330444,114.1769423
AID01115,Kowloon City,Princess Margaret Road near Yu Chun Keung Memorial College - Northbound ,22.31850605,114.1789805
AID01116,Kowloon City,Princess Margaret Road near St. John Ambulance Brigade Kowloon Depot - Northbound ,22.32074565,114.1786797
AID01117,Kowloon City,Waterloo Road near St. George Apartments - Northbound ,22.32435789,114.1783109
AID01118,Kowloon City,Waterloo Road near Kowloon Tong Club - Northbound ,22.32843068,114.178476
AID01119,Kowloon City,Waterloo Road near Durham Road - Northbound ,22.33252153,114.1787672
AID01120,Kowloon City,Waterloo Road near Kowloon East Barracks(1) - Northbound ,22.33496881,114.1788837
AID01121,Kowloon City,Waterloo Road near Kowloon East Barracks(2) - Northbound ,22.33848171,114.1791459
AID01122,Kowloon City,Waterloo Road near Warwick Road - Northbound ,22.34191,114.17893
AID01123,Kowloon City,Lion Rock Tunnel Road near Entrance from Kowloon - Northbound ,22.34521846,114.1813302
AID01124,Sha Tin,Lion Rock Tunnel Road near Toll Plaza - Northbound ,22.3592791,114.1751851
AID01125,Sha Tin,Lion Rock Tunnel Road near Worldwide Gardens - Northbound ,22.3634241,114.1798453
AID01126,Sha Tin,Lion Rock Tunnel Road near Kak Tin Village - Northbound (1) ,22.36544683,114.1836319
AID01127,Sha Tin,Lion Rock Tunnel Road near Kak Tin Village - Northbound (2) ,22.36700899,114.1859817
AID01128,Sha Tin,Lion Rock Tunnel Road near Fung Shing Court - Northbound ,22.37114477,114.1892152
AID01129,Sha Tin,Sha Tin Road near Pok Hong Estate - Northbound ,22.37381747,114.1929731
AID01130,Sha Tin,Sha Tin Road near Christ College - Northbound ,22.37448544,114.1957016
AID01131,Sha Tin,Sha Tin Road near Sha Tin Wai New Village - Northbound ,22.37624602,114.1986634
AID01132,Sha Tin,Sha Tin Road near Prince of Wales Hospital - Northbound ,22.3809075,114.2005981
AID01133,Sha Tin,Sha Tin Road near Shing Mun River - Northbound(1) ,22.38371,114.20142
AID01134,Sha Tin,Sha Tin Road near Shing Mun River - Northbound ,22.38752486,114.2006753
AID01135,Sha Tin,Sha Tin Road near Hong Kong Institute of Vocational Education (Sha Tin) - Northbound ,22.39016201,114.1990055
AID01136,Sha Tin,Sha Tin Road near Fo Tan Railway House - Northbound ,22.39401803,114.1990838
AID01201,Wong Tai Sin,Lion Rock Tunnel Road near Exit to Kowloon - Southbound ,22.34566999,114.1815632
AID01202,Kowloon City,Waterloo Road near Warwick Road - Southbound ,22.3424,114.17875
AID01203,Kowloon City,Waterloo Road near Junction Road - Southbound ,22.33891517,114.1791653
AID01204,Kowloon City,Waterloo Road near Kowloon East Barracks - Southbound ,22.33496881,114.1789128
AID01205,Kowloon City,Waterloo Road near American Internationnal School - Southbound ,22.33252153,114.178874
AID01206,Kowloon City,Waterloo Road near Kowloon Tong Club - Southbound ,22.32842165,114.1786021
AID01207,Kowloon City,Waterloo Road near St. George Apartments - Southbound ,22.32398763,114.1782818
AID01208,Kowloon City,Princess Margaret Road near St. John Ambulance Brigade Kowloon Depot - Southbound ,22.32130555,114.1782623
AID01209,Kowloon City,Princess Margaret Road near Yu Chun Keung Memorial College - Southbound ,22.31849702,114.179
AID01210,Kowloon City,Princess Margaret Road near Oi Man Estate - Southbound ,22.31330444,114.1769617
AID01211,Kowloon City,Princess Margaret Road near Oi Man Estate - Southbound(2) ,22.31041465,114.1782331
AID01212,Kowloon City,Princess Margaret Road near King's Park -Southbound ,22.3094574,114.1788251
AID01213,Kowloon City,Hong Chong Road near The Hong Kong Polytechnic University - Southbound ,22.30526714,114.1814745
AID01214,Wan Chai,Canal Road Flyover near Elizabeth House - Southbound ,22.280729,114.180701
AID01215,Wan Chai,Canal Road Flyover near Wing Tak Building - Southbound ,22.278219,114.181221
AID01216,Wan Chai,Wong Nai Chung Gap Flyover near Racecourse - Southbound ,22.27331682,114.1796008
AID01217,Southern,Aberdeen Tunnel near Toll Plaza - Westbound ,22.250597,114.177565
AID01218,Southern,Wong Chuk Hang Road near Wong Chuk Hang Sports Centre - Westbound ,22.25005384,114.1737118
AID01219,Southern,Wong Chuk Hang Road near Wong Chuk Hang Recreation Ground - Westbound ,22.25007176,114.1694335
AID01220,Southern,Wong Chuk Hang Road Flyover near Cheung Tak Industrial Building - Westbound ,22.2482744,114.1650487
AID01221,Southern,Wong Chuk Hang Road near Aberdeen Police Station - Westbound ,22.24862632,114.1617697
AID01222,Southern,Aberdeen Praya Road near Ocean Court - Westbound ,22.24761461,114.1590439
AID01223,Southern,Aberdeen Praya Road near Aberdeen Bus Terminus - Westbound ,22.24747861,114.1546396
AID02104,Kwun Tong,Kwun Tong Bypass near Sceneway Garden - Westbound ,22.30694617,114.2331057
AID02105,Kwun Tong,Kwun Tong Bypass near Magistrates Courts - Westbound ,22.30887989,114.2296126
AID02106,Kwun Tong,Kwun Tong Bypass near Laguna City - Westbound ,22.30812221,114.2267978
AID02107,Kwun Tong,Kwun Tong Bypass near Manulife Financial Centre - Westbound ,22.30651544,114.2245554
AID02108,Kwun Tong,Kwun Tong Bypass near Kwun Tong Ferry - Westbound ,22.30788913,114.2208679
AID02109,Kwun Tong,Kwun Tong Bypass near Kowloon Flour Mills - Northbound ,22.31151117,114.2179477
AID02110,Kwun Tong,Kwun Tong Bypass near NEO - Northbound ,22.31318224,114.2163274
AID02111,Kwun Tong,Kwun Tong Bypass near Kowloon Godown - Northbound ,22.31551267,114.2140375
AID02112,Kwun Tong,Kwun Tong Bypass near Kai Tak Fire Station - Northbound ,22.316913,114.2113882
AID02113,Kwun Tong,Kwun Tong Bypass near MegaBox - Northbound ,22.31887341,114.2075548
AID02114,Kwun Tong,Kwun Tong Bypass near Trade & Exhibition Centre - Northbound ,22.3228384,114.2044691
AID02115,Kwun Tong,Kwun Tong Bypass near Kowloon Bay Park - Northbound ,22.32760644,114.2051204
AID02116,Kwun Tong,Kwun Tong Bypass near Choi Hung Estate - Northbound ,22.33323248,114.2051603
AID02117,Wong Tai Sin,Tate's Cairn Highway near Chi Lin Nunnery - Northbound ,22.33842535,114.2034335
AID02118,Sha Tin,Tate's Cairn Tunnel near Toll Plaza - Northbound ,22.37826677,114.2107819
AID02119,Sha Tin,Tate's Cairn Highway near HK School of Motoring - Northbound ,22.38236672,114.2103459
AID02120,Sha Tin,Tate's Cairn Highway near HKBU (Shek Mun) - Northbound ,22.3877668,114.2111629
AID02121,Sha Tin,Tate's Cairn Highway near On Sum Street - Northbound ,22.39230051,114.2092801
AID02122,Sha Tin,Tate's Cairn Highway near Rowing Centre - Northbound ,22.3965898,114.2102328
AID02123,Sha Tin,Tate's Cairn Highway near Shatin Hospital - Northbound ,22.39997576,114.2124769
AID02124,Sha Tin,Tate's Cairn Highway near A Kung Kok Sports Grounds - Northbound ,22.40280159,114.215634
AID02125,Sha Tin,Tate's Cairn Highway near Tai Shui Hang Bicycle Park - Northbound ,22.40600689,114.2177521
AID02126,Sha Tin,Tate's Cairn Highway near Marine Police Station - Northbound ,22.40936721,114.2137031
AID02127,Sha Tin,Tate's Cairn Highway near Hyatt Regency ShaTin - Northbound ,22.41184191,114.21214
AID02201,Wong Tai Sin,Tate's Cairn Highway near Chi Lin Nunnery - Southbound ,22.34024044,114.2038221
AID02202,Wong Tai Sin,Tate's Cairn Highway near Choi Hung Estate - Southbound ,22.3353096,114.2046366
AID02203,Kwun Tong,Kwun Tong Bypass near Kai Ching Estate - Southbound ,22.33237458,114.2051116
AID02204,Kwun Tong,Kwun Tong Bypass near Skyline Tower Car Park - Southbound ,22.32719107,114.2049068
AID02205,Kwun Tong,Kwun Tong Bypass near Trade & Exhibition Centre - Southbound ,22.32376857,114.2043431
AID02206,Kwun Tong,Kwun Tong Bypass near MegaBox - Southbound ,22.31925276,114.2072249
AID02207,Kwun Tong,Kwun Tong Bypass near Vehicle Examination Centre - Southbound ,22.31706671,114.2104759
AID02208,Kwun Tong,Kwun Tong Bypass near Kowloon Godown - Southbound ,22.31617205,114.2133874
AID02209,Kwun Tong,Kwun Tong Bypass near MG Tower - Southbound ,22.31284803,114.2166476
AID02210,Kwun Tong,Kwun Tong Bypass near Kowloon Flour Mills - Southbound ,22.3111589,114.2182776
AID02211,Kwun Tong,Kwun Tong Bypass near Kwun Tong Ferry - Eastbound ,22.3086298,114.2202955
AID02212,Kwun Tong,Kwun Tong Bypass near Kwun Tong Sewage Treatment Works - Eastbound ,22.30629936,114.2222843
AID02213,Kwun Tong,Kwun Tong Bypass near Manulife Financial Centre - Eastbound ,22.30638009,114.2241963
AID02214,Kwun Tong,Kwun Tong Bypass near Sunbeam Centre - Eastbound ,22.30851925,114.2277976
AID02215,Kwun Tong,Kwun Tong Bypass near Sceneway Garden - Eastbound ,22.30828304,114.2321164
AID03101,Central and Western,Connaught Road West Flyover near Tram Depot - Eastbound ,22.287996,114.1379233
AID03102,Central and Western,Connaught Road West near Western Wholesale Food Market - Northbound ,22.2887006,114.1388353
AID03103,Central and Western,Connaught Road West near Sun Yat Sen Memorial Park - Northbound (1) ,22.28851255,114.1463558
AID03104,Central and Western,Connaught Road West near Sun Yat Sen Memorial Park - Northbound (2) ,22.28869255,114.1432602
AID03106,Yau Tsim Mong,West Kowloon Highway near Centenary Substation - Northbound ,22.30780401,114.1607347
AID03107,Yau Tsim Mong,West Kowloon Highway near Olympic Plaza - Northbound ,22.31424287,114.1611901
AID03108,Yau Tsim Mong,West Kowloon Highway near Olympic MTR Station - Northbound (1) ,22.31770145,114.1598309
AID03109,Yau Tsim Mong,West Kowloon Highway near Olympic MTR Station - Northbound (2) ,22.31936301,114.159093
AID03110,Sham Shui Po,West Kowloon Highway near Tai Kok Tsui Substation - Northbound ,22.32431136,114.1556952
AID03111,Sham Shui Po,West Kowloon Highway near Nam Cheong MTR Station - Northbound ,22.32713749,114.152511
AID03112,Sham Shui Po,West Kowloon Highway near Hing Wah Street West - Northbound ,22.32897925,114.1495114
AID03113,Sham Shui Po,West Kowloon Highway near SKH St. Andrew's Primary School - Northbound ,22.33021588,114.1463564
AID03114,Sham Shui Po,West Kln Hwy near Tsing Sha Hwy - Northbound ,22.33166006,114.1427743
AID03115,Tsuen Wan,Tsing Long Highway near Royal View Hotel - Northbound ,22.36920891,114.0768383
AID03116,Tsuen Wan,Tsing Long Highway near Tai Lam Tunnel Entrance from Kowloon - Northbound ,22.37144646,114.0736228
AID03117,Yuen Long,Tsing Long Highway near MTR Pat Heung Maintenance Centre - Northbound (1) ,22.4234468,114.0642015
AID03118,Yuen Long,Tsing Long Highway near MTR Pat Heung Maintenance Centre - Northbound (2) ,22.42813342,114.0639257
AID03119,Yuen Long,Tsing Long Highway near MTR Kam Sheung Road Station - Northbound (1) ,22.43195249,114.0627667
AID03120,Yuen Long,Tsing Long Highway near MTR Kam Sheung Road Station - Northbound (2) ,22.43502139,114.060734
AID03121,Yuen Long,Tsing Long Highway near Kam Tin Road - Northbound (1) ,22.43745767,114.0580606
AID03122,Yuen Long,Tsing Long Highway near Kam Tin Road - Northbound (2) ,22.44005575,114.0544641
AID03123,Yuen Long,Tsing Long Highway near Kam Tin Road - Northbound (3) ,22.44312344,114.051003
AID03124,Yuen Long,Tsing Long Highway near Castle Peak Road (Yuen Long) - Northbound (1) ,22.44718551,114.0489301
AID03125,Yuen Long,Tsing Long Highway near Castle Peak Road (Yuen Long) - Northbound (2) ,22.44964125,114.0482478
AID03201,Tsuen Wan,Tsing Long Highway near Tai Lam Tunnel exit to Kowloon - Southbound ,22.37390021,114.0696886
AID03202,Kwai Tsing,Tsing Kwai Highway near China Resources Int'l Logistics Centre - Southbound ,22.33462042,114.1356001
AID03203,Sham Shui Po,West Kln Hwy near Hoi Lai Estate - Southbound ,22.33282441,114.1400755
AID03204,Sham Shui Po,West Kowloon Highway near Hing Wah Street West - Southbound ,22.32936742,114.1486862
AID03205,Sham Shui Po,West Kowloon Highway near Nam Cheong MTR Statoin - Southbound ,22.32683954,114.1529091
AID03206,Sham Shui Po,West Kowloon Highway near Tai Kok Tsui Substation - Southbound ,22.32400436,114.1559767
AID03207,Yau Tsim Mong,West Kowloon Highway near Olympian City Promenade Park - Southbound ,22.32131349,114.1580057
AID03208,Yau Tsim Mong,West Kowloon Highway near Olympic MTR Station - Southbound ,22.31895665,114.1592872
AID03209,Yau Tsim Mong,West Kowloon Highway near Hoi Fai Road Promenade - Southbound ,22.31687971,114.1601707
AID03210,Yau Tsim Mong,West Kowloon Highway near Olympic Plaza - Southbound ,22.31468536,114.1610542
AID03211,Yau Tsim Mong,West Kowloon Highway near Centenary Substation - Southbound ,22.30700933,114.1609192
AID04101,Central and Western,Shing Sai Road near Kennedy Town Swimming Pool - Eastbound ,22.28659457,114.131461
AID04102,Central and Western,Connaught Road West Flyover near Western Harbour Centre - Eastbound ,22.28749888,114.1361379
AID04103,Central and Western,Connaught Road West Flyover near The Westpoint - Eastbound ,22.28899887,114.1399608
AID04104,Central and Western,Connaught Road West Flyover near Sun Yat Sen Memorial Park - Eastbound ,22.2890808,114.1429302
AID04105,Central and Western,Connaught Road West Flyover near Central Police Station - Eastbound ,22.28822405,114.1490826
AID04106,Eastern,Island Eastern Corridor near Provident Centre - Eastbound ,22.29326424,114.1971658
AID04107,Eastern,Island Eastern Corridor near North Point Ferry Pier Eastbound ,22.2938687,114.201426
AID04108,Eastern,Island Eastern Corridor near ICAC Headquarters - Eastbound ,22.29412091,114.2054048
AID04109,Eastern,Island Eastern Corridor near North Point Government Offices - Eastbound ,22.29318113,114.2085875
AID04110,Eastern,Island Eastern Corridor near Quarry Bay Park Phase 2 - Eastbound ,22.29116665,114.2117894
AID04111,Eastern,Island Eastern Corridor near Quarry Bay Park Phase 1 - Eastbound ,22.28954921,114.2159617
AID04112,Eastern,Island Eastern Corridor near Taikoo Shing - Eastbound ,22.28752487,114.221696
AID04113,Eastern,Island Eastern Corridor near Tai On Building - Eastbound ,22.28417443,114.221957
AID04114,Eastern,Island Eastern Corridor near St. Mark's School - Eastbound ,22.28130192,114.2246342
AID04115,Eastern,Island Eastern Corridor near Aldrich Garden - Eastbound ,22.27997282,114.2297861
AID04116,Eastern,Island Eastern Corridor near Heng Fa Chuen - Eastbound (1) ,22.28224709,114.2340759
AID04117,Eastern,Island Eastern Corridor near Heng Fa Chuen - Eastbound (2) ,22.27876033,114.2366555
AID04118,Eastern,Island Eastern Corridor near Heng Fa Chuen - Eastbound (3) ,22.27529184,114.2385849
AID04119,Eastern,Island Eastern Corridor near HKIVE (Chai Wan) - Southbound ,22.27116465,114.2390779
AID04120,Eastern,Island Eastern Corridor near Chai Wan Park - Southbound ,22.2674807,114.2376307
AID04121,Eastern,Island Eastern Corridor near ICAC Headquarters - Eastbound ,22.29385898,114.2056182
AID04122,Eastern,Island Eastern Corridor near North Point Government Offices - Eastbound ,22.29319937,114.2076948
AID04201,Eastern,Island Eastern Corridor near Chai Wan MTR Station - Northbound ,22.26459999,114.2374257
AID04202,Eastern,Island Eastern Corridor near Eastern Hospital - Northbound ,22.26897061,114.238
AID04203,Eastern,Island Eastern Corridor near HKIVE (Chai Wan) - Northbound ,22.27167045,114.2388744
AID04204,Eastern,Island Eastern Corridor near Heng Fa Chuen - Northbound (1) ,22.27640298,114.2376054
AID04205,Eastern,Island Eastern Corridor near Heng Fa Chuen - Northbound (2) ,22.27898614,114.2365392
AID04206,Eastern,Island Eastern Corridor near Museum of Coastal Defence - Northbound ,22.28136181,114.2348324
AID04207,Eastern,Island Eastern Corridor near Aldrich Garden - Westbound ,22.28126407,114.2301845
AID04208,Eastern,Island Eastern Corridor near Oi Tung Estate - Westbound ,22.28061524,114.2258177
AID04209,Eastern,Island Eastern Corridor near Tai On Building - Westbound ,22.28126586,114.2244401
AID04210,Eastern,Island Eastern Corridor near Taikoo Shing - Westbound (1) ,22.28600779,114.2214336
AID04211,Eastern,Island Eastern Corridor near Taikoo Shing - Westbound (2) ,22.28842864,114.2190375
AID04212,Eastern,Island Eastern Corridor near Quarry Bay Park Phase 1 - Westbound (1) ,22.28844642,114.2201049
AID04213,Eastern,Island Eastern Corridor near Quarry Bay Park Phase 1 - Westbound (2) ,22.28910676,114.2157675
AID04214,Eastern,Island Eastern Corridor near Quarry Bay Park Phase 2 - Westbound ,22.29087764,114.2119252
AID04215,Eastern,Island Eastern Corridor near North Point Government Offices - Westbound ,22.29288308,114.2087816
AID04216,Eastern,Island Eastern Corridor near Vehicle Ferry Pier - Westbound ,22.29389518,114.2052106
AID04217,Eastern,Island Eastern Corridor near Hyatt Centric - Westbound ,22.29350781,114.1991163
AID04218,Central and Western,Connaught Road West Flyover near Shun Tak Centre - Westbound ,22.2875291,114.1515281
AID04219,Central and Western,Connaught Road West Flyover near Sheung Wan Fire Station - Westbound ,22.28842253,114.1479666
AID04220,Central and Western,Connaught Road West Flyover near Sun Yat Sen Memorial Park - Westbound ,22.28889136,114.1439589
AID04221,Central and Western,Connaught Road West Flyover near Courtyard - Westbound ,22.28817674,114.1384473
AID04222,Eastern,Island Eastern Corridor near EHC - Westbound ,22.28951355,114.2140112
AID05101,Kwun Tong,Kai Fuk Road near Kwun Tong Government Primary School - Northbound ,22.31542134,114.2182594
AID05102,Kwun Tong,Kai Fuk Road near Ngau Tau Kok Jockey Club Clinic - Northbound ,22.31673143,114.2156198
AID05103,Kwun Tong,Kai Fuk Road near Kowloon Bay Vehicle Examination Centre - Westbound ,22.31817721,114.2117379
AID05104,Kwun Tong,Kai Fuk Road near Kowloon Bay Vehicle Detention and Examination Centre - Westbound ,22.3188824,114.2077975
AID05109,Kowloon City,Chatham Road North near MTR Ho Man Tin Station - Westbound ,22.30853617,114.1829207
AID05110,Yau Tsim Mong,Gascoigne Road near Gun Club Hill Barracks - Westbound ,22.30588128,114.1782331
AID05111,Yau Tsim Mong,Gascoigne Road near Diocesan Girls' School - Westbound ,22.30716361,114.1739143
AID05113,Yau Tsim Mong,Gascoigne Road Flyover near Prosperous Garden - Northbound ,22.31044147,114.1673631
AID05114,Yau Tsim Mong,Ferry Street near Cherry Street Park - Northbound ,22.31326801,114.1668291
AID05115,Yau Tsim Mong,West Kowloon Corridor West near Cherry Street Park - Northbound (1) ,22.3168441,114.1662756
AID05116,Yau Tsim Mong,West Kowloon Corridor West near Cherry Street Park - Northbound (2) ,22.31847848,114.164179
AID05117,Yau Tsim Mong,West Kowloon Corridor West near Fuk Tsun Street - Northbound ,22.32277686,114.161985
AID05118,Sham Shui Po,West Kowloon Corridor near Tung Chau Street Park - Northbound ,22.3267487,114.1595036
AID05119,Sham Shui Po,West Kowloon Corridor near Yen Chow Street West - Northbound ,22.32855591,114.1570438
AID05120,Sham Shui Po,West Kowloon Corridor near West Kowloon Law Courts Building - Northbound ,22.33148132,114.1533548
AID05121,Sham Shui Po,West Kowloon Corridor near Lai Chi Kok MTR Station - Northbound ,22.33557141,114.1485394
AID05122,Sham Shui Po,Kwai Chung Road near Lai Chi Kok Fire Station- Northbound ,22.3363472,114.1441031
AID05123,Sham Shui Po,Kwai Chung Road near Delia Memorial School (Glee Path) - Northbound ,22.3370778,114.1400162
AID05124,Sham Shui Po,Kwai Chung Road near Kwai Chung Interchange - Northbound ,22.33798861,114.134774
AID05125,Kwai Tsing,Kwai Chung Road near Hong Chi Winifred Mary Cheung Morninghope School - Northbound ,22.3434053,114.1288313
AID05126,Kwai Tsing,Kwai Chung Road near Lai King MTR Station - Nouthbound ,22.34817223,114.124898
AID05127,Kwai Tsing,Kwai Chung Road near Lai King Estate - Northbound ,22.35124287,114.1256929
AID05128,Kwai Tsing,Tsuen Wan Road near Kwai Chung Park - Northbound ,22.35607328,114.1228077
AID05129,Tsuen Wan,Tsuen Wan Road near Wing Kin Industrial Building - Nouthbound ,22.35851063,114.1201757
AID05130,Kwai Tsing,Tsuen Wan Road near Wing Kei Road 5-A-Side Soccer Pitch - Northbound ,22.36203197,114.1185626
AID05131,Tsuen Wan,Tsuen Wan Road near Tsuen Wan Driving Test Centre - Northbound ,22.3641441,114.1158044
AID05132,Tsuen Wan,Tsuen Wan Road near Tsuen Wan Sports Centre - Northbound ,22.36634641,114.1128615
AID05133,Tsuen Wan,Tsuen Wan Road near Tsuen Wan West MTR Station - Northbound ,22.36950582,114.1096948
AID05134,Tsuen Wan,Tsuen Wan Road near Hoi Shing Garden - Northbound ,22.37236722,114.1066931
AID05135,Tsuen Wan,Tsuen Wan Road near Kong Nam industrial building - Westbound ,22.37420787,114.1031287
AID05201,Tsuen Wan,Tuen Mun Road near Belvedere Garden Phase 1 Car Park -Eastbound ,22.3737916,114.101255
AID05202,Tsuen Wan,Tsuen Wan Road near Hoi Shing Garden - Southbound ,22.37201519,114.1070623
AID05203,Tsuen Wan,Tsuen Wan Road near Tsuen Wan West MTR Station - Southbound ,22.36921697,114.1100056
AID05204,Tsuen Wan,Tsuen Wan Road near Tsuen Wan Sports Centre - Sorthbound ,22.36650902,114.1130071
AID05205,Kwai Tsing,Tsuen Wan Road near Wing Kei Road 5-A-Side Soccer Pitch - Southbound (1) ,22.36260975,114.1180866
AID05206,Kwai Tsing,Tsuen Wan Road near Wing Kei Road 5-A-Side Soccer Pitch - Southbound (2) ,22.35956704,114.1197093
AID05207,Kwai Tsing,Tsuen Wan Road near Kwai Chung Park - Southbound ,22.35655172,114.1222833
AID05208,Kwai Tsing,Tsuen Wan Road near Kwai Shun Street Playground - Southbound ,22.35422265,114.1247501
AID05209,Kwai Tsing,Kwai Chung Road near Lai King MTR Station - Southbound (1) ,22.34973473,114.1255672
AID05210,Kwai Tsing,Kwai Chung Road near Lai King MTR Station - Southbound (2) ,22.34654674,114.1249568
AID05211,Kwai Tsing,Kwai Chung Road near Hong Chi Winifred Mary Cheung Morninghope School - Southbound ,22.34401896,114.1274235
AID05212,Sham Shui Po,Kwai Chung Road near Mei Foo MTR Station - Southbound ,22.33791649,114.1352303
AID05213,Sham Shui Po,Kwai Chung Road near Delia Memorial School (Glee Path) - Southbound ,22.33717701,114.1394628
AID05214,Sham Shui Po,Kwai Chung Road near Lai Chi Kok Fire Station - Southbound ,22.33650957,114.1432003
AID05215,Sham Shui Po,Lai Chi Kok Road near Novel Industrial Building - Southbound ,22.33522804,114.1474037
AID05216,Sham Shui Po,West Kowloon Corridor near The Pacifica -Southbound ,22.33542719,114.1501314
AID05217,Sham Shui Po,West Kowloon Corridor near West Kowloon Law Courts Building - Southbound ,22.3316168,114.1534712
AID05218,Sham Shui Po,West Kowloon Corridor near Tung Chau Street Park - Southbound ,22.3273099,114.1588591
AID05219,Yau Tsim Mong,West Kowloon Corridor near Sycamore Playground -Southbound ,22.32449274,114.1627517
AID05220,Yau Tsim Mong,West Kowloon Corridor near Fuk Keung Indistrial Building - Southbound ,22.32209082,114.1654599
AID05221,Yau Tsim Mong,West Kowloon Corridor near Cherry Street Park - Southbound (1) ,22.3185599,114.1661979
AID05222,Yau Tsim Mong,West Kowloon Corridor near Cherry Street Park - Southbound (2) ,22.31487545,114.1667417
AID05223,Yau Tsim Mong,West Kowloon Corridor near Prosperous Garden - Southbound ,22.31002607,114.167499
AID05224,Yau Tsim Mong,Gascoigne Road near Methodist College - Eastbound ,22.30898773,114.1716432
AID05225,Yau Tsim Mong,Gascoigne Road near Diocesan Girls' School - Eastbound  ,22.30710943,114.1744093
AID05226,Yau Tsim Mong,Gascoigne Road near Gun Club Hill Barracks - Eastbound ,22.30599868,114.1778352
AID05227,Kowloon City,Chatham Road North near MTR Ho Man Tin Station - Eastbound ,22.30838266,114.1826198
AID05232,Kwun Tong,Kai Fuk Road near Billion Centre - Eastbound ,22.32081529,114.2059246
AID05233,Kwun Tong,Kai Fuk Road near Kowloon Bay Vehicle Detention and Examination Centre - Eastbound ,22.31872881,114.2081274
AID05234,Kwun Tong,Kai Fuk Road near Kowloon Bay Vehicle Examination Centre - Eastbound ,22.31814115,114.2114273
AID05235,Kwun Tong,Kai Fuk Road near Kwun Tong Road Sitting-out Area - Eastbound ,22.316081,114.2165611
AID07101,Sai Kung,Wan Po Road near Pung Loi Road - Westbound ,22.31013704,114.2664351
AID07102,Sai Kung,Wan Po Road near Hong Kong Velodrome - Westbound ,22.31339861,114.2636323
AID07103,Sai Kung,Tseung Kwan O Tunnel Road near Telephone Exchange - Westbound ,22.31638994,114.2594218
AID07104,Sai Kung,Tseung Kwan O Tunnel Road near Tseung Kwan O Tunnel Portal - Westbound ,22.31924529,114.2560361
AID07105,Kwun Tong,Tseung Kwan O Road near Lin Tak Road - Westbound ,22.31483643,114.2398543
AID07106,Kwun Tong,Tseung Kwan O Road near Junk Bay Road Substation - Westbound ,22.31304942,114.2371069
AID07107,Kwun Tong,Tseung Kwan O Road near Yau Tong Telephone Exchange - Westbound ,22.31032431,114.2310496
AID07108,Kwun Tong,Kwun Tong Road near Tsui Ping Road - Westbound ,22.3108941,114.2284196
AID07109,Kwun Tong,Kwun Tong Road near The Grande Building - Westbound ,22.31357779,114.223102
AID07110,Kwun Tong,Kwun Tong Road near Lai Yip Street - Westbound ,22.31546654,114.2181042
AID07111,Kwun Tong,Kwun Tong Road near Yan Wing Mansion - Westbound ,22.31898025,114.2147566
AID07112,Kwun Tong,Kwun Tong Road near Fuk To Street - Westbound ,22.32325183,114.214321
AID07113,Kwun Tong,Kwun Tong Road near Kowloon Bay St. John the Baptist Catholic Primary School - Westbound ,22.32855321,114.2124102
AID07114,Kwun Tong,Kwun Tong Road near Choi Shek Lane - Westbound ,22.33063978,114.2100229
AID07115,Kwun Tong,Lung Cheung Road near Ping Shek Estate - Westbound ,22.33194957,114.2082469
AID07116,Wong Tai Sin,Lung Cheung Road near Kam Hon House Choi Hung Estate Substation - Westbound ,22.33651927,114.2070248
AID07117,Wong Tai Sin,Lung Cheung Road near Diamond Hill MTR Station ,22.33893112,114.203123
AID07118,Wong Tai Sin,Lung Cheung Road near Po Kong Village Road - Westbound ,22.34170428,114.1977746
AID07119,Wong Tai Sin,Lung Cheung Road near Lung On House Lower Wong Tai Sin (II) Estate - Westbound ,22.34167774,114.1929403
AID07120,Wong Tai Sin,Lung Cheung Road near Tin Ma Court - Westbound ,22.3425452,114.1863101
AID07121,Kowloon City,Lung Cheung Road near RTHK - Westbound ,22.34317745,114.184223
AID07122,Kowloon City,Lung Cheung Road near Lung Cheung Road Park - Westbound ,22.34402646,114.1802138
AID07123,Kowloon City,Lung Cheung Road near Elizabethan Court - Westbound ,22.34472185,114.1771074
AID07124,Sham Shui Po,Lung Cheung Road Lookout - Westbound ,22.34324978,114.1716905
AID07125,Sham Shui Po,Lung Cheung Road Beacon Heights - Westbound (1) ,22.34166032,114.1695549
AID07126,Sham Shui Po,Lung Cheung Road Beacon Heights - Westbound (2) ,22.34192192,114.1647205
AID07127,Sham Shui Po,Lung Cheung Road Tai Woh Ping - Westbound ,22.34121736,114.1625461
AID07128,Sham Shui Po,Lung Cheung Road near Ching Cheung Road - Westbound ,22.34249937,114.1592745
AID07129,Sham Shui Po,Lung Cheung Road near Monte Carlton - Westbound ,22.3427697,114.154479
AID07130,Sham Shui Po,Ching Cheung Road near Caritas Medical Centre - Westbound ,22.34164952,114.1517805
AID07131,Sham Shui Po,Ching Cheung Road near Dragon lndustrial Building - Westbound ,22.34057439,114.1488005
AID07132,Sham Shui Po,Ching Cheung Road near CLP Substation - Westbound ,22.34105189,114.1429371
AID07133,Sham Shui Po,Ching Cheung Road near Lai Chi Kok Park Sports Centre - Westbound ,22.34105995,114.1385881
AID07134,Sham Shui Po,Ching Cheung Road near Ching Lai Court - Westbound ,22.33937063,114.1361035
AID07201,Sham Shui Po,Ching Cheung Road near Ching Lai Court - Eastbound ,22.33996666,114.1361519
AID07202,Sham Shui Po,Ching Cheung Road near CLP Substation - Eastbound ,22.33995889,114.1415103
AID07203,Sham Shui Po,Ching Cheung Road near International School - Eastbound ,22.33988751,114.1457331
AID07204,Sham Shui Po,Ching Cheung Road near Dragon lndustrial Building - Eastbound ,22.3402762,114.1478007
AID07205,Sham Shui Po,Ching Cheung Road near Caritas Medical Centre - Eastbound ,22.34184826,114.1522464
AID07206,Sham Shui Po,Lung Cheung Road near Monte Carlton - Eastbound ,22.34280593,114.155275
AID07207,Sham Shui Po,Lung Cheung Road near Tai Woh Ping - Eastbound ,22.34108183,114.1617987
AID07208,Sham Shui Po,Lung Cheung Road near Block 15 Beacon Heights Phase 2 - Eastbound ,22.3419581,114.1655748
AID07209,Sham Shui Po,Lung Cheung Road Beacon Heights - Eastbound (2) ,22.34224732,114.1699626
AID07210,Kowloon City,Lung Cheung Road Lookout - Eastbound ,22.34291571,114.1743795
AID07211,Kowloon City,Lung Cheung Road near Elizabethan Court - Eastbound ,22.34463154,114.1764084
AID07212,Wong Tai Sin,Lung Cheung Road near Lung Cheung Road Park - Eastbound ,22.34402,114.18277
AID07213,Wong Tai Sin,Lung Cheung Road near Meridain Hill - Eastbound ,22.3426265,114.1858733
AID07214,Wong Tai Sin,Lung Cheung Road near Temple Mall North - Eastbound ,22.34172308,114.1909406
AID07215,Wong Tai Sin,Lung Cheung Road near Tropicana Gardens - Eastbound ,22.34172245,114.1969495
AID07216,Wong Tai Sin,Lung Cheung Road near Lung Poon Court Commercial Centre - Eastbound ,22.34084609,114.1998616
AID07217,Wong Tai Sin,Lung Cheung Road near Nan Lian Garden - Eastbound ,22.33838913,114.2040548
AID07218,Wong Tai Sin,Lung Cheung Road near Ngau Chi Wan Village Playground - Eastbound ,22.33619411,114.2073839
AID07219,Kwun Tong,Kwun Tong Road near Choi Shek Lane - Eastbound ,22.33007069,114.2108381
AID07220,Kwun Tong,Kwun Tong Road near Kai Tai Court - Eastbound ,22.32806544,114.2129634
AID07221,Kwun Tong,Kwun Tong Road near Lower Ngau Tau Kok Estate - Eastbound ,22.32214104,114.2144275
AID07222,Kwun Tong,Kwun Tong Road near Sheung Yee Road - Eastbound ,22.31898025,114.2147955
AID07223,Kwun Tong,Kwun Tong Road near Foo Yue Building - Eastbound ,22.31629777,114.216435
AID07224,Kwun Tong,Kwun Tong Road near Kwun Tong Road Rest Garden - Eastbound ,22.31462607,114.2204624
AID07225,Kwun Tong,Kwun Tong Road near Hong Ning Road - Eastbound ,22.31327052,114.2239074
AID07226,Kwun Tong,Kwun Tong Road near Hong Kong Student Aid Society - Eastbound ,22.31123743,114.2278957
AID07227,Kwun Tong,Tseung Kwan O Road near Kwun Tong Swimming Pool - Eastbound ,22.31101949,114.2315933
AID07228,Kwun Tong,Tseung Kwan O Road near Tsui Ping (South) Estate - Eastbound ,22.31221936,114.2350392
AID07229,Sai Kung,Tseung Kwan O Tunnel Road near Tseung Kwan O Tunnel Portal - Eastbound ,22.3212342,114.2514463
AID07230,Sai Kung,Tseung Kwan O Tunnel Road near Po Hong Park - Eastbound ,22.31895619,114.256298
AID07231,Sai Kung,Wan Po Road near Tseung Kwan O Tunnel Road - Eastbound ,22.31563079,114.260557
AID07232,Sai Kung,Wan Po Road near Chiu Shun Road - Eastbound ,22.31274793,114.2645248
AID08101,Tsuen Wan,North Lantau Highway near Yan O Wan - Westbound (1) ,22.32759229,114.0253264
AID08102,Tsuen Wan,North Lantau Highway near Yan O Wan - Westbound (2) ,22.32524015,114.0209125
AID08103,Tsuen Wan,North Lantau Highway near Sunny Bay Beach - Westbound ,22.32500998,114.0163896
AID08104,Tsuen Wan,North Lantau Highway near Sham Shui Kok Substation - Westbound (1) ,22.32477045,114.0116823
AID08105,Tsuen Wan,North Lantau Highway near Sham Shui Kok Substation - Westbound (2) ,22.32306814,114.0072583
AID08106,Tsuen Wan,North Lantau Highway near Sham Shui Kok Substation - Westbound (3) ,22.32110394,114.0029415
AID08107,Tsuen Wan,North Lantau Highway near Tung Yip Hang - Westbound ,22.31859822,113.9990234
AID08108,Tsuen Wan,North Lantau Highway near HK Police Vehicle Pound - Westbound ,22.31529949,113.9966885
AID08109,Islands,North Lantau Highway near Siu Ho Wan Sewage Treatment Works - Westbound ,22.31208994,113.9933928
AID08110,Islands,North Lantau Highway near Siu Ho Wan Gov. Vehicle Centre - Westbound ,22.30943884,113.988893
AID08111,Islands,North Lantau Highway near MTR Siu Ho Wan Depot - Westbound (2) ,22.30703196,113.9848395
AID08112,Islands,North Lantau Highway near Tai Ho Wan - Westbound (1) ,22.30453478,113.9808736
AID08113,Islands,North Lantau Highway near Tai Ho Wan - Westbound (2) ,22.30216382,113.9768204
AID08114,Islands,North Lantau Highway near Tai Ho Wan - Westbound (3) ,22.30009053,113.9725727
AID08115,Islands,North Lantau Highway near Tai Ho Wan - Westbound (4) ,22.29876627,113.9680232
AID08116,Islands,North Lantau Highway near Tai Ho Wan - Westbound (5) ,22.29795784,113.964395
AID08117,Islands,North Lantau Highway near Ying Tung Estate - Westbound (1) ,22.29637847,113.9583322
AID08118,Islands,North Lantau Highway near Ying Tung Estate - Westbound (2) ,22.29463146,113.9552975
AID08119,Islands,North Lantau Highway near Caribbean Coast Phase 1 - Westbound ,22.29247886,113.9528748
AID08120,Islands,North Lantau Highway near Caribbean Coast Phase 3 - Westbound ,22.29024412,113.9498605
AID08121,Islands,North Lantau Highway near Tung Chung (N) - Westbound (1) ,22.28950534,113.9446992
AID08122,Islands,North Lantau Highway near Tung Chung (N) - Westbound (2) ,22.29100001,113.940662
AID08201,Islands,North Lantau Highway near Tung Chung (N) - Eastbound (1) ,22.29380308,113.9379186
AID08202,Islands,North Lantau Highway near Tung Chung (N) - Eastbound (2) ,22.29190915,113.9396104
AID08203,Islands,North Lantau Highway near Tung Chung (N) - Eastbound (3) ,22.28960394,113.9441848
AID08204,Islands,North Lantau Highway near Caribbean Coast Phase 3 - Eastbound ,22.28973677,113.9486968
AID08205,Islands,North Lantau Highway near Caribbean Coast Phase 1 - Eastbound ,22.29210812,113.9525261
AID08206,Islands,North Lantau Highway near Ying Tung Estate - Eastbound (1) ,22.29488468,113.9555688
AID08207,Islands,North Lantau Highway near Ying Tung Estate - Eastbound (2) ,22.29654157,113.9587395
AID08208,Islands,North Lantau Highway near Tai Ho Wan - Eastbound (1) ,22.29737647,113.9618048
AID08209,Islands,North Lantau Highway near Tai Ho Wan - Eastbound (2) ,22.29830307,113.9659763
AID08210,Islands,North Lantau Highway near Tai Ho Wan - Eastbound (3) ,22.29954683,113.9710984
AID08211,Islands,North Lantau Highway near Tai Ho Wan - Eastbound (4) ,22.30121328,113.974939
AID08212,Islands,North Lantau Highway near Tai Ho Wan - Eastbound (5) ,22.30343091,113.9791089
AID08213,Islands,North Lantau Highway near MTR Siu Ho Wan Depot - Eastbound (1) ,22.3059191,113.9830747
AID08214,Islands,North Lantau Highway near MTR Siu Ho Wan Depot - Eastbound (2) ,22.30812677,113.9866335
AID08215,Islands,North Lantau Highway near MTR Siu Ho Wan Depot - Eastbound (3) ,22.31047944,113.9907065
AID08216,Islands,North Lantau Highway near Siu Ho Wan Sewage Treatment Works - Eastbound ,22.31342831,113.9950313
AID08217,Tsuen Wan,North Lantau Highway near Refuse Transfer Station - Eastbound ,22.31698039,113.9977831
AID08218,Tsuen Wan,North Lantau Highway near Tung Yip Hang - Eastbound (1) ,22.32018982,114.0010597
AID08219,Tsuen Wan,North Lantau Highway near Tung Yip Hang - Eastbound (2) ,22.32220823,114.0053472
AID08220,Tsuen Wan,North Lantau Highway near Tung Yip Hang - Eastbound (3) ,22.32410918,114.0096836
AID08221,Tsuen Wan,North Lantau Highway near Ta Pang Po - Eastbound ,22.32509802,114.0141182
AID08222,Tsuen Wan,North Lantau Highway near Yan O Wan - Eastbound (1) ,22.32494041,114.0191172
AID08223,Tsuen Wan,North Lantau Highway near Yan O Wan - Eastbound (2) ,22.32582877,114.0226202
AID09101,Tsuen Wan,Tuen Mun Road near Tsuen Wan Road - Eastbound ,22.37433425,114.1030219
AID09102,Tsuen Wan,Tuen Mun Road near Chai Wan Kok Cooked Food Market - Eastbound ,22.37468735,114.105051
AID09103,Tsuen Wan,Cheung Pei Shan Road near The Mills - Eastbound ,22.37561012,114.1088762
AID09104,Tsuen Wan,Cheung Pei Shan Road near Discovery Park - Eastbound ,22.37657839,114.1138278
AID09105,Tsuen Wan,Cheung Pei Shan Road near Tsuen Kam Interchange - Eastbound ,22.37545196,114.1203145
AID09106,Tsuen Wan,Cheung Pei Shan Road near Shek Wai Kok Estate - Eastbound ,22.37641917,114.123062
AID09107,Tsuen Wan,Cheung Pei Shan Road near Lui Ming Choi Lutheran College - Eastbound ,22.37814547,114.1276833
AID09108,Tsuen Wan,Cheung Pei Shan Road near Wo Yi Hop Road Interchange - Eastbound ,22.37997995,114.1321008
AID09109,Tsuen Wan,Cheung Pei Shan Road near Ho Fung College - Eastbound ,22.38165159,114.1358484
AID09110,Tsuen Wan,Shing Mun Tunnel Road near Entrance from Shatin - Eastbound ,22.380873,114.167063
AID09111,Sha Tin,Shing Mun Tunnel Road near Puguangming Temple - Eastbound ,22.3824695,114.1739419
AID09112,Sha Tin,Shing Mun Tunnel Road near Mei Tin Road - Eastbound ,22.38000419,114.1772628
AID09113,Sha Tin,Shing Mun Tunnel Road near Chung Ling Road - Eastbound ,22.3780897,114.1793504
AID09114,Sha Tin,Shing Mun Tunnel Road near Hong Kong Heritage Museum - Eastbound ,22.37864942,114.1848172
AID09118,Sha Tin,Tai Po Road near Fo Tan Railway House - Northbound ,22.39372906,114.1990254
AID09119,Sha Tin,Tai Po Road near Sha Tin Racecourse - Northbound (1) ,22.39768407,114.2014539
AID09120,Sha Tin,Tai Po Road near Sha Tin Racecourse - Northbound (2) ,22.39952611,114.2026196
AID09121,Sha Tin,Tai Po Road near Sha Tin Racecourse - Northbound (3) ,22.40330041,114.2053202
AID09122,Sha Tin,Tolo Highway near Sha Tin Sewage Treatment Works - Northbound ,22.40630672,114.2097689
AID09123,Sha Tin,Tolo Highway near Ma Liu Shui Weigh Station - Northbound ,22.40907864,114.211848
AID09151,North,Fanling Highway near Golf Parkview - Eastbound ,22.50218399,114.1163854
AID09152,North,Fanling Highway near Eden Manor - Eastbound ,22.50103001,114.121702
AID09153,North,Fanling Highway near Choi Yuen Estate Choi Lai House - Eastbound ,22.49983891,114.1244528
AID09154,North,Fanling Highway near So Kwun Po Road - Eastbound ,22.49838665,114.1297207
AID09155,North,Fanling Highway near Fanling Recreation Ground - Eastbound ,22.4938281,114.13635
AID09156,North,Fanling Highway near Fanling Station - Eastbound ,22.49151691,114.1387704
AID09157,North,Fanling Highway near Avon Park - Eastbound ,22.4884116,114.1439994
AID09201,Tsuen Wan,Cheung Pei Shan Road near Ho Fung College - Westbound ,22.3816788,114.136334
AID09202,Tsuen Wan,Cheung Pei Shan Road near Wo Yi Hop Road Interchange - Westbound ,22.38072981,114.1332949
AID09203,Tsuen Wan,Cheung Pei Shan Road near Lui Ming Choi Lutheran College - Westbound ,22.37844371,114.1284697
AID09204,Tsuen Wan,Cheung Pei Shan Road near Shek Wai Kok Estate - Westbound ,22.37619324,114.1225766
AID09205,Tsuen Wan,Cheung Pei Shan Road near Tsuen Kam Interchange - Westbound ,22.37525303,114.1195669
AID09206,Tsuen Wan,Cheung Pei Shan Road near Discovery Park - Westbound ,22.37653308,114.1134394
AID09207,Tsuen Wan,Cheung Pei Shan Road near The Mills - Westbound ,22.37557432,114.109653
AID09208,Tsuen Wan,Tuen Mun Road near Chai Wan Kok Cooked Food Market - Westbound ,22.3750309,114.1059441
AID09251,North,Fanling Highway near Dawning Views - Westbound ,22.48774374,114.1459625
AID09252,North,Fanling Highway near Fanling Centre - Westbound ,22.48848374,114.1435232
AID09253,North,Fanling Highway near Fanling Station - Westbound ,22.49215785,114.1378859
AID09254,North,Fanling Highway near Exit to So Kwun Po Road - Westbound ,22.49589538,114.1337255
AID09255,North,Fanling Highway near Entrance from So Kwun Po Road - Westbound ,22.49821502,114.1295555
AID09256,North,Fanling Highway near Choi Yuen Estate Choi Lai House - Westbound ,22.49973065,114.1247541
AID09257,North,Fanling Highway near Eden Manor - Westbound ,22.50120147,114.1213617
AID09258,North,Fanling Highway near Golf Parkview - Westbound ,22.50222929,114.1167838
AID10101,Tuen Mun,Kong Sham Western Highway near Fuk Hang Tsuen - Northbound (1) ,22.41672308,113.9904293
AID10102,Tuen Mun,Kong Sham Western Highway near Fuk Hang Tsuen - Northbound (2) ,22.41909752,113.9899405
AID10103,Tuen Mun,Kong Sham Western Highway near Fuk Hang Tsuen - Northbound (3) ,22.41984988,113.9924066
AID10104,Tuen Mun,Kong Sham Western Highway near The Sherwood - Northbound ,22.4189147,113.988037
AID10105,Tuen Mun,Kong Sham Western Highway Tsing Yick Road - Northbound ,22.42283916,113.9848264
AID10106,Tuen Mun,Kong Sham Western Highway near Mai Yuan Wei Lu - Northbound ,22.42589843,113.9831126
AID10107,Tuen Mun,Kong Sham Western Highway near Yick Yuen Road - Northbound (1) ,22.43015106,113.9825239
AID10108,Yuen Long,Kong Sham Western Highway near Yick Yuen Road - Northbound (2) ,22.43431618,113.9842666
AID10109,Yuen Long,Kong Sham Western Highway near San Sang San Tsuen - Northbound ,22.43831795,113.9853491
AID10110,Yuen Long,Kong Sham Western Highway near Ha Tsuen Road - Northbound ,22.44333828,113.9848565
AID10111,Yuen Long,Kong Sham Western Highway near San Wai Sewage Treatment Plant - Northbound ,22.44679305,113.9816264
AID10112,Yuen Long,Kong Sham Western Highway near Helipad - Northbound ,22.44872062,113.9775823
AID10113,Yuen Long,Kong Sham Western Highway near Ngau Hom Shek E&M Plant Room - Northbound ,22.45255393,113.9738851
AID10114,Yuen Long,Shenzhen Bay Bridge - Northbound (1) ,22.45521534,113.9718604
AID10115,Yuen Long,Shenzhen Bay Bridge - Northbound (2) ,22.45868908,113.9695333
AID10116,Yuen Long,Shenzhen Bay Bridge - Northbound (3) ,22.46257843,113.9674094
AID10117,Yuen Long,Shenzhen Bay Bridge - Northbound (4) ,22.46711682,113.9644295
AID10118,Yuen Long,Shenzhen Bay Bridge - Northbound (5) ,22.47029187,113.9616749
AID10119,Yuen Long,Shenzhen Bay Bridge - Northbound (6) ,22.47367356,113.9581814
AID10120,Yuen Long,Shenzhen Bay Bridge - Northbound (7) ,22.4216398,113.9940651
AID10201,Yuen Long,Shenzhen Bay Bridge - Southbound (1) ,22.4766946,113.9551547
AID10202,Yuen Long,Shenzhen Bay Bridge - Southbound (2) ,22.47351138,113.9584537
AID10203,Yuen Long,Shenzhen Bay Bridge - Southbound (3) ,22.47033708,113.9617234
AID10204,Yuen Long,Shenzhen Bay Bridge - Southbound (4) ,22.46662978,113.9648869
AID10205,Yuen Long,Shenzhen Bay Bridge - Southbound (5) ,22.46260561,113.9674774
AID10206,Yuen Long,Shenzhen Bay Bridge - Southbound (6) ,22.45814778,113.9699421
AID10207,Yuen Long,Shenzhen Bay Bridge - Southbound (7) ,22.45475534,113.9722886
AID10208,Yuen Long,Kong Sham Western Highway near Ngau Hom Shek E&M Plant Room - Southbound ,22.45266246,113.9740112
AID10209,Yuen Long,Kong Sham Western Highway near Helipad - Southbound ,22.4499747,113.9766576
AID10210,Yuen Long,Kong Sham Western Highway near Ha Tsuen Weigh Station - Southbound ,22.44775709,113.9797987
AID10211,Yuen Long,Kong Sham Western Highway near San Wai Sewage Treatment Plant - Southbound ,22.44608072,113.9825115
AID10212,Yuen Long,Kong Sham Western Highway near Ha Tsuen Road - Southbound ,22.44369017,113.9846131
AID10213,Yuen Long,Kong Sham Western Highway near San Sang San Tsuen - Southbound ,22.43951022,113.9855709
AID10214,Yuen Long,Kong Sham Western Highway near Yick Yuen Road - Southbound (1) ,22.43509316,113.9845764
AID10215,Yuen Long,Kong Sham Western Highway near Yick Yuen Road - Southbound (2) ,22.4313886,113.982833
AID10216,Tuen Mun,Kong Sham Western Highway near Mai Yuan Wei Road - Southbound ,22.42555548,113.9832783
AID10217,Tuen Mun,Kong Sham Western Highway near Tsing Yick Road - Southbound ,22.42318207,113.984622
AID10218,Tuen Mun,Kong Sham Western Highway near Fuk Hang Tsuen - Southbound ,22.41925055,113.9895129
TDS10001,Sha Tin,Sha Tin Road near Hong Kong Jockey Club Shatin Staff Quarters - Southbound ,22.39441532,114.199414
TDS10002,Sha Tin,Sha Tin Road near New Territories Fire Command Headquarters - Southbound ,22.3908574,114.1987337
TDS10003,Sha Tin,Sha Tin Road near Prince of Wales Hospital - Southbound ,22.38003861,114.2002953
TDS10004,Sha Tin,Sha Tin Road near Yuen Chau Kok Park - Southbound ,22.38345199,114.2013737
TDS10005,Sha Tin,Sha Tin Road near Tai Chung Kiu Road - Southbound ,22.38773258,114.2005297
TDS10006,Sha Tin,Sha Tin Road near Sha Tin Wai Road - Southbound ,22.37707679,114.1989743
TDS10007,Sha Tin,Sha Tin Road near Sha Tin Tau - Southbound ,22.37213807,114.1899241
TDS10008,Sha Tin,Sha Tin Road near Pok Hong Estate - Southbound ,22.37386255,114.1937014
TDS10009,Sha Tin,Sha Tin Road near Shui Chuen O Estate - Southbound ,22.37460278,114.1961774
TDS10010,Sha Tin,Lion Rock Tunnel Road near Sha Tin Government Primary School - Southbound ,22.36785779,114.1871954
TDS10011,Sha Tin,Lion Rock Tunnel Road near Hung Mui Kuk Road - Southbound ,22.3646522,114.1820396
TDS10012,Sha Tin,Lion Rock Tunnel Road near World-wide Gardens - Southbound ,22.36287324,114.1796317
TDS10013,Sha Tin,Lion Rock Tunnel Road near Union Hospital - Southbound ,22.3602544,114.1763986
TDS20001,Sha Tin,Tate's Cairn Highway near Hong Kong School of Motoring - Sha Tin - Southbound ,22.38098508,114.2102096
TDS20002,Sha Tin,Tate's Cairn Highway near Shek Mun Riverside Garden - Southbound ,22.38405537,114.2106376
TDS20003,Sha Tin,Tate's Cairn Highway near Sha Tin Transfer Station - Southbound ,22.38777579,114.2113571
TDS20004,Sha Tin,Tate's Cairn Highway near Shek Mun Interchange - Southbound ,22.39199337,114.2097752
TDS20005,Sha Tin,Tate's Cairn Highway near Sha Tin Hospital - Southbound (2) ,22.39750168,114.2111944
TDS20006,Sha Tin,Tate's Cairn Highway near Sha Tin Hospital - Southbound (1) ,22.40084237,114.2138951
TDS20007,Sha Tin,Tate's Cairn Highway near Ah Kung Kok Fishermen Village - Southbound ,22.40376728,114.2179457
TDS20008,Sha Tin,Tate's Cairn Highway near Sha Tin Sewage Treatment Works - Southbound ,22.40718116,114.216519
TDS20009,Sha Tin,"Tate's Cairn Highway near Hyatt Regency Hong Kong, Sha Tin - Southbound ",22.41128187,114.2128198
TDS30001,Yuen Long,Tsing Long Highway near Ho Pui - Southbound ,22.4112265,114.0612685
TDS30002,Yuen Long,Tsing Long Highway near Pat Heung Depot - Southbound ,22.42323014,114.0643085
TDS30003,Yuen Long,Tsing Long Highway near Kam Sheung Road MTR Station - Southbound (1) ,22.42816056,114.0640034
TDS30004,Yuen Long,Tsing Long Highway near Kam Sheung Road MTR Station - Southbound (2) ,22.43280112,114.0624455
TDS30005,Yuen Long,Tsing Long Highway near Kam Sheung Road MTR Station - Southbound (3) ,22.43706083,114.0587506
TDS30006,Yuen Long,Tsing Long Highway near Au Tau Treatment Works - Southbound ,22.43957773,114.0552513
TDS30007,Yuen Long,Tsing Long Highway near Yuen Long Highway - Southbound (1) ,22.44338535,114.0510319
TDS30008,Yuen Long,Tsing Long Highway near Yuen Long Highway - Southbound (2) ,22.44792584,114.0487254
TDS30009,Yuen Long,Tsing Long Highway near Yuen Long Highway - Southbound (3) ,22.45378734,114.0496721
TDS90001,Sha Tin,"Tolo Highway near Hyatt Regency Hong Kong, Sha Tin - Southbound ",22.40945791,114.2119258
TDS90002,Sha Tin,Tolo Highway near The Hong Kong Jockey Club Stables - Southbound ,22.40599076,114.209225
TDS90003,Sha Tin,Tai Po Road - Sha Tin near Racecourse MTR Station - Southbound ,22.40150359,114.2038728
TDS90004,Sha Tin,Tai Po Road Sha Tin near Plaza Ascot - Southbound ,22.39867733,114.2020853
TDS90005,Sha Tin,Tai Po Road - Sha Tin near Hong Kong Jockey Club Shatin Staff Quarters - Southbound ,22.39537248,114.199958
TDS90010,Sha Tin,Tai Po Road - Sha Tin near Sha Tin MTR Station - Westbound ,22.3800556,114.1861111
TDS90011,Sha Tin,Shing Mun Tunnel Road near Hong Kong Heritage Museum - Westbound ,22.37799026,114.1832053
TDS90012,Sha Tin,Shing Mun Tunnel Road near Mei Lam Estate - Westbound ,22.37836062,114.1790397
TDS90013,Sha Tin,Shing Mun Tunnel Road near May Shing Court - Westbound ,22.38032929,114.1769229
TDS90014,Sha Tin,Shing Mun Tunnel Road near Puguangming Temple - Westbound ,22.38258687,114.1727766
TDS90015,Sha Tin,Shing Mun Tunnel Road near Shun Shin Chee Kit Yin Koon - Westbound ,22.38140375,114.1692712
TDS90016,Tsuen Wan,Tuen Mun Road near Tsuen Wan Road - Westbound ,22.37375565,114.101624
TDS90017,Tsuen Wan,Tuen Mun Road near Yau Kom Tau Village - Westbound ,22.3721736,114.0980323
TDS90018,Tsuen Wan,Tuen Mun Road near Yau Kom Tau Water Treatment Works - Westbound ,22.3694628,114.0947423
TDS90019,Tsuen Wan,Tuen Mun Road near Hanley Villa - Westbound ,22.37027324,114.0903143
TDS90020,Tsuen Wan,Tuen Mun Road near Ting Kau - Westbound (1) ,22.36943947,114.0849261
TDS90021,Tsuen Wan,Tuen Mun Road near Ting Kau - Westbound (2) ,22.37173893,114.0792542
TDS90022,Tsuen Wan,Tuen Mun Road near Ting Kau - Westbound (3) ,22.37104927,114.0738658
TDS90023,Tsuen Wan,Tuen Mun Road near Ting Kau - Westbound (4) ,22.36789635,114.0718972
TDS90024,Tsuen Wan,Tuen Mun Road near Ting Kau - Westbound (5) ,22.36583482,114.0679956
TDS90025,Tsuen Wan,Tuen Mun Road near Sham Tseng - Westbound (1) ,22.36668206,114.0656065
TDS90026,Tsuen Wan,Tuen Mun Road near Sham Tseng - Westbound (2) ,22.36924399,114.0616819
TDS90027,Tsuen Wan,Tuen Mun Road near Sham Tseng - Westbound (3) ,22.368059,114.0589254
TDS90028,Tsuen Wan,Tuen Mun Road near Sham Tseng - Westbound (4) ,22.36679111,114.0540621
TDS90029,Tsuen Wan,Tuen Mun Road near Sham Tseng - Westbound (5) ,22.3655231,114.0492281
TDS90030,Tsuen Wan,Tuen Mun Road near Sham Tseng - Westbound (6) ,22.36551131,114.0457717
TDS90031,Tsuen Wan,Tuen Mun Road near Hong Kong Garden - Westbound (1) ,22.36420723,114.041297
TDS90032,Tsuen Wan,Tuen Mun Road near Hong Kong Garden - Westbound (2) ,22.36119675,114.037397
TDS90033,Tsuen Wan,Tuen Mun Road near Ka Loon Tsuen - Westbound (1) ,22.35843899,114.0334483
TDS90034,Tuen Mun,Tuen Mun Road near Ka Loon Tsuen - Westbound (2) ,22.35588789,114.0284607
TDS90035,Tuen Mun,Tuen Mun Road near Tai Lam - Westbound ,22.35614486,114.0231888
TDS90036,Tuen Mun,Tuen Mun Road near Tuen Mun Road Bus-Bus Interchange - Westbound (1) ,22.35857899,114.0189143
TDS90037,Tuen Mun,Tuen Mun Road near Tuen Mun Road Bus-Bus Interchange - Westbound (2) ,22.36224227,114.0157548
TDS90038,Tuen Mun,Tuen Mun Road near Correctional Services Department Married Staff Quarters - Westbound ,22.36486819,114.0138002
TDS90039,Tuen Mun,Tuen Mun Road near Tsing Lam Road - Westbound ,22.36663494,114.0106232
TDS90040,Tuen Mun,Tuen Mun Road near Kwun Fat Street - Westbound ,22.36724307,114.0049232
TDS90041,Tuen Mun,Tuen Mun Road near Siu Sau Tsuen - Westbound ,22.36829568,114.0012421
TDS90042,Tuen Mun,Tuen Mun Road near So Kwun Wat Road - Westbound ,22.37247362,113.9983239
TDS90043,Tuen Mun,Tuen Mun Road near Harrow International School Hong Kong - Westbound (1) ,22.3758817,113.993455
TDS90044,Tuen Mun,Tuen Mun Road near Harrow International School Hong Kong- Westbound (2) ,22.37524705,113.9912517
TDS90045,Tuen Mun,Tuen Mun Road near Castle Peak Bay Immigration Centre - Westbound ,22.37695794,113.9870159
TDS90046,Tuen Mun,Tuen Mun Road near Castle Peak Beach - Westbound ,22.38182817,113.9817754
TDS90048,Tuen Mun,Tuen Mun Road near San Hui Market - Northbound ,22.39707387,113.9762382
TDS90049,Tuen Mun,Tuen Mun Road near San Hui Playground - Northbound ,22.399952,113.97678
TDS90051,Tuen Mun,Tuen Mun Road near Fung Tei Light Rail Stop - Northbound ,22.4065716,113.9780621
TDS90052,Tuen Mun,Tuen Mun Road near Siu Hong MTR Station - Northbound (1) ,22.410209,113.9788862
TDS90053,Tuen Mun,Tuen Mun Road near Siu Hong MTR Station - Northbound (2) ,22.412403,113.979646
TDS90055,Tuen Mun,Yuen Long Highway near Kong Sham Western Highway - Eastbound (1) ,22.41592623,113.9885558
TDS90056,Tuen Mun,Yuen Long Highway near Kong Sham Western Highway - Eastbound (2) ,22.41840507,113.992457
TDS90057,Tuen Mun,Yuen Long Highway near Kong Sham Western Highway - Eastbound (3) ,22.42351091,113.9956751
TDS90058,Yuen Long,Yuen Long Highway near Tan Kwai Tsuen - Eastbound ,22.42509412,113.9982567
TDS90059,Yuen Long,Yuen Long Highway near Shui Fu Road - Eastbound ,22.42781497,114.0007108
TDS90060,Yuen Long,Yuen Long Highway near Hung Tin Road - Eastbound (1) ,22.43194387,114.0025415
TDS90061,Yuen Long,Yuen Long Highway near Hung Tin Road - Eastbound (2) ,22.43618305,114.0061984
TDS90062,Yuen Long,Yuen Long Highway near Tong Yan San Tsuen Road - Eastbound ,22.43748776,114.0103447
TDS90063,Yuen Long,Yuen Long Highway near Tong Yan San Tsuen Interchange - Eastbound ,22.43793378,114.0138024
TDS90064,Yuen Long,Yuen Long Highway near Lam Hau Tsuen - Eastbound ,22.43638499,114.018263
TDS90065,Yuen Long,Yuen Long Highway near Kung Um Road - Eastbound ,22.4352065,114.0229076
TDS90066,Yuen Long,Yuen Long Highway near Sham Chung Tsuen - Eastbound ,22.43431726,114.0280084
TDS90067,Yuen Long,Yuen Long Highway near Shap Pat Heung Interchange - Eastbound (1) ,22.43472874,114.0336517
TDS90068,Yuen Long,Yuen Long Highway near Shap Pat Heung Interchange - Eastbound (2) ,22.43767592,114.0373789
TDS90069,Yuen Long,Yuen Long Highway near Pok Oi Interchange - Eastbound (1) ,22.44148851,114.0394054
TDS90070,Yuen Long,Yuen Long Highway near Pok Oi Interchange - Eastbound (2) ,22.44651897,114.0400028
TDS90071,Yuen Long,Yuen Long Highway near Long Fai Road - Eastbound ,22.44904205,114.0443041
TDS90072,Yuen Long,Yuen Long Highway near Tsing Long Highway - Eastbound ,22.45235944,114.0482938
TDS90073,Yuen Long,San Tin Highway near Sha Po Tsuen - Northbound ,22.45599209,114.0513606
TDS90074,Yuen Long,San Tin Highway near Mo Fan Heung - Northbound ,22.46016517,114.0526879
TDS90075,Yuen Long,San Tin Highway near Pok Wai - Northbound ,22.46425671,114.0536753
TDS90076,Yuen Long,San Tin Highway near Kam Pok Road East - Northbound ,22.4684205,114.0546918
TDS90077,Yuen Long,San Tin Highway near Fairview Park Boulevard - Northbound ,22.47278304,114.0558151
TDS90078,Yuen Long,San Tin Highway near Chun Shin Road - Northbound ,22.47781445,114.0578027
TDS90079,Yuen Long,San Tin Highway near Geranium Path - Northbound ,22.48173404,114.0583338
TDS90080,Yuen Long,San Tin Highway near Palm Springs Boulevard - Northbound ,22.48493997,114.0585254
TDS90081,Yuen Long,San Tin Highway near Mai Po San Tsuen - Northbound ,22.49015203,114.0606103
TDS90082,Yuen Long,San Tin Highway near San Tin Soccer Pitch - Northbound ,22.49252089,114.0647093
TDS90083,Yuen Long,San Tin Highway near Mai Po Lung - Northbound ,22.49353485,114.0684402
TDS90084,Yuen Long,San Tin Highway near Tsing Lung Tsuen - Northbound ,22.49511897,114.0742505
TDS90085,Yuen Long,San Tin Highway near Man Tin Cheung Park - Northbound ,22.49758694,114.0785344
TDS90086,Yuen Long,Fanling Highway near San Tin Interchange - Eastbound ,22.50193284,114.0823702
TDS90087,Yuen Long,Fanling Highway near Chau Tau Tsuen - Eastbound (1) ,22.50365058,114.0857706
TDS90088,Yuen Long,Fanling Highway near Chau Tau Tsuen - Eastbound (2) ,22.50423064,114.0895995
TDS90089,North,Fanling Highway near Kwu Tung - Eastbound (1) ,22.50384525,114.0951588
TDS90090,North,Fanling Highway near Kwu Tung - Eastbound (2) ,22.50350433,114.099688
TDS90091,North,Fanling Highway near Kwu Tung - Eastbound (3) ,22.50320816,114.103634
TDS90092,North,Fanling Highway near Kwu Tung - Eastbound (4) ,22.50286699,114.1081242
TDS91001,Tsuen Wan,Tuen Mun Road near Yau Kom Tau Village - Eastbound ,22.37300496,114.0991872
TDS91002,Tsuen Wan,Tuen Mun Road near Yau Kom Tau No. 2 Fresh Water Service Reservoir - Eastbound ,22.37091583,114.0930034
TDS91003,Tsuen Wan,Tuen Mun Road near Hanley Villa - Eastbound ,22.36974004,114.089567
TDS91004,Tsuen Wan,Tuen Mun Road near Ting Kau - Eastbound (1) ,22.36949436,114.0861883
TDS91005,Tsuen Wan,Tuen Mun Road near Ting Kau - Eastbound (2) ,22.37092794,114.0822064
TDS91006,Tsuen Wan,Tuen Mun Road near Ting Kau - Eastbound (3) ,22.37142163,114.0772251
TDS91007,Tsuen Wan,Tuen Mun Road near Ting Kau - Eastbound (4) ,22.37020002,114.0732742
TDS91008,Tsuen Wan,Tuen Mun Road near Ting Kau - Eastbound (5) ,22.36668572,114.0710631
TDS91009,Tsuen Wan,Tuen Mun Road near Sham Tseng - Eastbound (1) ,22.36652874,114.0658882
TDS91010,Tsuen Wan,Tuen Mun Road near Sham Tseng - Eastbound (2) ,22.36854978,114.0633039
TDS91011,Tsuen Wan,Tuen Mun Road near Sham Tseng - Eastbound (3) ,22.36835736,114.0594106
TDS91012,Tsuen Wan,Tuen Mun Road near Sham Tseng - Eastbound (4) ,22.36690894,114.0546252
TDS91013,Tsuen Wan,Tuen Mun Road near Sham Tseng - Eastbound (5) ,22.3656784,114.0514999
TDS91014,Tsuen Wan,Tuen Mun Road near Sham Tseng - Eastbound (6) ,22.36571991,114.0468783
TDS91015,Tsuen Wan,Tuen Mun Road near Hong Kong Garden - Eastbound (1) ,22.3648317,114.0429372
TDS91016,Tsuen Wan,Tuen Mun Road near Hong Kong Garden - Eastbound (2) ,22.36086229,114.0370089
TDS91017,Tsuen Wan,Tuen Mun Road near Ka Loon Tsuen - Eastbound (1) ,22.35769762,114.0324685
TDS91018,Tuen Mun,Tuen Mun Road near Ka Loon Tsuen - Eastbound (2) ,22.35620339,114.0278391
TDS91019,Tuen Mun,Tuen Mun Road near Tai Lam - Eastbound ,22.35703762,114.0218674
TDS91020,Tuen Mun,Tuen Mun Road near Tuen Mun Road Bus-Bus Interchange - Eastbound (1) ,22.35940007,114.0182046
TDS91021,Tuen Mun,Tuen Mun Road near Tuen Mun Road Bus-Bus Interchange - Eastbound (2) ,22.36309946,114.015045
TDS91022,Tuen Mun,Tuen Mun Road near Correctional Services Department Married Staff Quarters - Eastbound ,22.36529227,114.0134405
TDS91023,Tuen Mun,Tuen Mun Road near Kwun Fat Street - Eastbound ,22.3668854,114.0083024
TDS91024,Tuen Mun,Tuen Mun Road near The Aegean - Eastbound ,22.36719645,114.0035542
TDS91025,Tuen Mun,Tuen Mun Road near Siu Sau Tsuen - Eastbound ,22.36991976,113.999939
TDS91026,Tuen Mun,Tuen Mun Road near So Kwun Wat Road - Eastbound ,22.3738904,113.9974191
TDS91027,Tuen Mun,Tuen Mun Road near Harrow International School Hong Kong - Eastbound (1) ,22.3757366,113.9929114
TDS91028,Tuen Mun,Tuen Mun Road near Harrow International School Hong Kong - Eastbound (2) ,22.37504729,113.9903004
TDS91029,Tuen Mun,Tuen Mun Road near Castle Peak Bay Immigration Centre - Eastbound ,22.37737293,113.9866689
TDS91030,Tuen Mun,Tuen Mun Road near Castle Peak Beach - Eastbound ,22.38162978,113.9820088
TDS91031,Tuen Mun,Tuen Mun Road near Tuen Mun Siu Lun Government Complex - Southbound ,22.38383087,113.9800733
TDS91032,Tuen Mun,Tuen Mun Road near Chi Lok Fa Yuen - Southbound ,22.38760402,113.9787668
TDS91035,Tuen Mun,Tuen Mun Road near San Hui Playground - Southbound ,22.40044337,113.9771559
TDS91037,Tuen Mun,Tuen Mun Road near Fung Tei Light Rail Stop - Southbound ,22.40698289,113.9783412
TDS91038,Tuen Mun,Tuen Mun Road near Siu Hong MTR Station - Souththbound ,22.41246625,113.9798776
TDS91040,Tuen Mun,Yuen Long Highway near Kong Sham Western Highway - Westbound (1) ,22.41641574,113.9901675
TDS91041,Tuen Mun,Yuen Long Highway near Kong Sham Western Highway - Westbound (2) ,22.41951627,113.9928538
TDS91042,Tuen Mun,Yuen Long Highway near Kong Sham Western Highway - Westbound (3) ,22.42274222,113.994695
TDS91043,Yuen Long,Yuen Long Highway near Shui Fu Road - Westbound ,22.42676673,114.0000613
TDS91044,Yuen Long,Yuen Long Highway near Hung Tin Road - Westbound (1) ,22.43117597,114.002251
TDS91045,Yuen Long,Yuen Long Highway near Hung Tin Road - Westbound (2) ,22.43512458,114.0044026
TDS91046,Yuen Long,Yuen Long Highway near Tong Yan San Tsuen Road - Westbound ,22.43706158,114.0086549
TDS91047,Yuen Long,Yuen Long Highway near Tong Yan San Tsuen Interchange - Westbound ,22.43794237,114.0133653
TDS91048,Yuen Long,Yuen Long Highway near Lam Hau Tsuen - Westbound ,22.43657426,114.0178839
TDS91049,Yuen Long,Yuen Long Highway near Kung Um Road - Westbound ,22.43527832,114.0224704
TDS91050,Yuen Long,Yuen Long Highway near Sham Chung Village - Westbound ,22.43438912,114.0275906
TDS91051,Yuen Long,Yuen Long Highway near Shap Pat Heung Interchange - Westbound (1) ,22.43417656,114.0321758
TDS91052,Yuen Long,Yuen Long Highway near Shap Pat Heung Interchange - Westbound (2) ,22.43792903,114.0376701
TDS91053,Yuen Long,Yuen Long Highway near Pok Oi Interchange - Westbound (1) ,22.44185875,114.0394051
TDS91054,Yuen Long,Yuen Long Highway near Pok Oi Interchange - Westbound (2) ,22.44598595,114.039741
TDS91055,Yuen Long,Yuen Long Highway near Long Fai Road - Westbound ,22.44877892,114.0427985
TDS91056,Yuen Long,Yuen Long Highway near Tsing Long Highway - Westbound (1) ,22.44871879,114.0465679
TDS91057,Yuen Long,Yuen Long Highway near Tsing Long Highway - Westbound (2) ,22.45211634,114.0491976
TDS91058,Yuen Long,San Tin Highway near Sha Po Tsuen - Southbound ,22.45539574,114.0509239
TDS91059,Yuen Long,San Tin Highway near Mo Fan Heung - Southbound ,22.4597226,114.0525814
TDS91060,Yuen Long,San Tin Highway near Pok Wai - Southbound ,22.46386833,114.0535784
TDS91061,Yuen Long,San Tin Highway near Kam Pok Road East - Southbound ,22.46799599,114.0545853
TDS91062,Yuen Long,San Tin Highway near Fairview Park Boulevard - Southbound ,22.47322561,114.0559216
TDS91063,Yuen Long,San Tin Highway near Chun Shin Road - Southbound ,22.47738991,114.0576476
TDS91064,Yuen Long,San Tin Highway near Geranium Path - Southbound ,22.48129153,114.058305
TDS91065,Yuen Long,San Tin Highway near Palm Springs Boulevard - Southbound ,22.48537345,114.0585542
TDS91066,Yuen Long,San Tin Highway near Mai Po Shan Tsuen - Southbound ,22.48980865,114.0602996
TDS91067,Yuen Long,San Tin Highway near San Tin Soccer Pitch - Southbound ,22.49238511,114.064243
TDS91068,Yuen Long,San Tin Highway near Mai Po Lung - Southbound ,22.49393316,114.0699074
TDS91069,Yuen Long,San Tin Highway near Tsing Lung Tsuen - Southbound ,22.49537241,114.0751832
TDS91070,Yuen Long,San Tin Highway near Man Tin Cheung Park - Southbound ,22.49719846,114.0782529
TDS91071,Yuen Long,San Tin Highway near San Tin Interchange - Southbound ,22.50053219,114.0807676
TDS91072,Yuen Long,Fanling Highway near Chau Tau Tsuen - Westbound (1) ,22.50292713,114.0839926
TDS91073,Yuen Long,Fanling Highway near Chau Tau Tsuen - Westbound (2) ,22.50420303,114.088647
TDS91074,North,Fanling Highway near Kwu Tung - Westbound (1) ,22.50389013,114.0946243
TDS91075,North,Fanling Highway near Kwu Tung - Westbound (2) ,22.5035402,114.0991826
TDS91076,North,Fanling Highway near Kwu Tung - Westbound (3) ,22.50309146,114.1051793
TDS91077,North,Fanling Highway near Kwu Tung - Westbound (4) ,22.50263323,114.1105831
TDSAPR10001,Southern,Aberdeen Praya Road near Aberdeen Wholesale Fish Market - Eastbound ,22.24863379,114.1497113
TDSAPR20001,Southern,Aberdeen Praya Road near Aberdeen Wholesale Fish Market - Westbound ,22.24840797,114.1493912
TDSCPRHSK10001,Tuen Mun,Castle Peak Rd-Lam Tei near Lam Tei Pet Garden - Northbound ,22.42242457,113.9855069
TDSCPRHSK10002,Tuen Mun,Castle Peak Rd-Hung Shui Kui near Shun Tat Street - Northbound ,22.42709844,113.9898909
TDSCPRHSK10003,Tuen Mun,Castle Peak Rd-Hung Shui Kui near Tin Ha Road - Northbound ,22.43067888,113.993723
TDSCPRHSK10004,Yuen Long,Castle Peak Rd-Hung Shui Kiu near Hung Shui Kiu Light Rail Stop - Northbound ,22.43451363,113.9989538
TDSCPRHSK20001,Tuen Mun,Castle Peak Rd-Hung Shui Kui near Shun Tat Street - Southbound ,22.42576951,113.9886397
TDSCPRHSK20002,Tuen Mun,Castle Peak Rd-Hung Shui Kui near Tin Ha Road - Southbound ,22.42960276,113.9924034
TDSCPRHSK20003,Tuen Mun,Castle Peak Rd-Hung Shui Kui near Hung Shui Kiu Main Street - Southbound ,22.43234297,113.9959259
TDSCPRKC10001,Tsuen Wan,Castle Peak Rd-Kwai Chung near Shing Mun Road - Eastbound ,22.37028714,114.1221808
TDSCPRKC10002,Tsuen Wan,Castle Peak Rd-Kwai Chung near Kwok Shui Road Park - Eastbound ,22.37085807,114.1284724
TDSCPRKC10003,Kwai Tsing,Castle Peak Rd-Kwai Chung near Yip Shing Street Playground - Southbound ,22.36012267,114.1353693
TDSCPRKC10004,Kwai Tsing,Castle Peak Rd-Kwai Chung near Tai Wo Interchange - Southbound ,22.35297888,114.1329929
TDSCPRKC20001,Tsuen Wan,Castle Peak Rd-Tseun Wan near Texaco Road Flyover - Westbound ,22.37032342,114.1226566
TDSCPRKC20002,Tsuen Wan,Castle Peak Rd-Kwai Chung near Kwok Shui Road Park - Westbound (1) ,22.37090334,114.1288704
TDSCPRKC20003,Tsuen Wan,Castle Peak Rd-Kwai Chung near Kwok Shui Road Park - Westbound (2) ,22.37080449,114.1305599
TDSCPRKC20004,Kwai Tsing,Castle Peak Rd-Kwai Chung near Central Kwai Chung Park - Northbound (1) ,22.35924649,114.1345346
TDSCPRKC20005,Kwai Tsing,Castle Peak Rd-Kwai Chung near Central Kwai Chung Park - Northbound (2) ,22.35505598,114.1332835
TDSCPRLT10001,Tuen Mun,Castle Peak Rd-Lam Tei near Lam Tei Interchange - Northbound ,22.41715514,113.9815999
TDSCPRLT10002,Tuen Mun,Castle Peak Rd-Lam Tei near Miu Fat Buddhist Monastery - Northbound ,22.42015539,113.9833732
TDSCPRLT20001,Tuen Mun,Castle Peak Rd-Lam Tei near Lam Tei Main Street - Southbound ,22.4190528,113.9826462
TDSCPRLT20002,Tuen Mun,Castle Peak Rd-Lam Tei near Fuk Hang Playground - Southbound ,22.42046277,113.9836641
TDSCPRPS10001,Yuen Long,Castle Peak Rd-Ping Shan near Hung Tin Road - Eastbound ,22.43585218,114.0008172
TDSCPRPS10002,Yuen Long,Castle Peak Rd-Ping Shan near Fui Sha Wai - Eastbound ,22.43880103,114.0053986
TDSCPRPS10003,Yuen Long,Castle Peak Rd-Ping Shan near Tong Yan San Tsuen Playground - Eastbound ,22.44100816,114.0089222
TDSCPRPS10004,Yuen Long,Castle Peak Rd-Ping Shan near Ping Shan Light Rail Stop - Eastbound ,22.4428268,114.0123492
TDSCPRPS20001,Yuen Long,Castle Peak Rd-Ping Shan near Hung Tin Road - Westbound ,22.43673859,114.0021275
TDSCPRPS20002,Yuen Long,Castle Peak Rd-Ping Shan near Fui Sha Wai - Westbound ,22.43904527,114.0057966
TDSCPRPS20003,Yuen Long,Castle Peak Rd-Ping Shan near Tong Yan San Tsuen Playground - Westbound ,22.4412886,114.0093979
TDSCPRPS20004,Yuen Long,Castle Peak Rd-Ping Shan near Long Tin Road - Westbound ,22.44380592,114.0161562
TDSIEC10001,Central and Western,Harcourt Road near Tim Mei Avenue - Eastbound ,22.28040541,114.1643086
TDSIEC10002,Wan Chai,Harcourt Road near The Hong Kong Academy for Performing Arts - Eastbound ,22.27961101,114.1689468
TDSIEC10003,Wan Chai,Gloucestor Road near Gloucester Road Garden - Eastbound ,22.27925895,114.1725176
TDSIEC10004,Wan Chai,Gloucestor Road near Stewart Road - Eastbound ,22.27971957,114.1767191
TDSIEC20001,Wan Chai,Gloucestor Road near Fleming Road - Westbound ,22.27943057,114.174303
TDSIEC20002,Wan Chai,Gloucestor Road near Wan Chai Sport Ground - Westbound ,22.28015303,114.1782619
TDSJCR10001,North,Jockey Club Road near Fanling Government Primary School - Southbound ,22.49373933,114.1429777
TDSJCR10002,North,Jockey Club Road near Fanling Highway - Southbound ,22.48968532,114.1461953
TDSJCR20001,North,Jockey Club Road near Fanling Government Primary School - Northbound ,22.49351364,114.1433471
TDSJCR20002,North,Jockey Club Road near Fanling Highway - Northbound ,22.48862879,114.1463219
TDSLFR10001,Tuen Mun,Lung Fu Road near Wong Chu Road - Eastbound ,22.38696869,113.9690182
TDSLFR10002,Tuen Mun,Wong Chu Road near Hoi Wong Road - Eastbound ,22.38602329,113.9712142
TDSLFR10003,Tuen Mun,Wong Chu Road near Tuen Mun Heung Sze Wui Road - Eastbound ,22.38561288,113.9751767
TDSLFR20001,Tuen Mun,Wong Chu Road near Hoi Wong Road - Westbound ,22.38632026,113.9703981
TDSLFR20002,Tuen Mun,Wong Chu Road near Tuen Mun Heung Sze Wui Road - Westbound ,22.38564041,113.9755263
TDSLTR10001,Yuen Long,Long Tin Road near Tin Fuk Road - Southbound ,22.45102316,114.0091724
TDSLTR10002,Yuen Long,Long Tin Road near Yung Yuen Road - Southbound ,22.44728821,114.0127228
TDSLTR10003,Yuen Long,Long Tin Road near Shui Pin Wai Interchange - Southbound ,22.44458304,114.0166604
TDSLTR10004,Yuen Long,Long Tin Road near Tong Yan San Tsuen Interchange - Southbound ,22.44153951,114.0163822
TDSLTR20001,Yuen Long,Long Tin Road near Tin Fuk Road - Northbound ,22.4502649,114.0094551
TDSLTR20002,Yuen Long,Long Tin Road near Yung Yuen Road - Northbound ,22.44790115,114.0116146
TDSLTR20003,Yuen Long,Long Tin Road near Shui Pin Wai Interchange - Northbound ,22.44505257,114.0166113
TDSLTR20004,Yuen Long,Long Tin Road near Tong Yan San Tsuen Interchange - Northbound ,22.4410969,114.0162662
TDSMOSB10001,Sha Tin,Ma On Shan Bypass near Hang Fai Street Park - Eastbound ,22.41472706,114.2291378
TDSMOSB10002,Sha Tin,Ma On Shan Bypass near Ma On Shan Fire Station - Eastbound ,22.4186536,114.2342191
TDSMOSB10003,Sha Tin,Ma On Shan Bypass near Ma On Shan Service Reservoir - Eastbound ,22.42267953,114.2387276
TDSMOSB10004,Sha Tin,Ma On Shan Bypass near Lee On Estate - Eastbound ,22.42510713,114.2427694
TDSMOSB10005,Sha Tin,Ma On Shan Bypass near Cheung Muk Tau - Eastbound ,22.42875372,114.2468508
TDSMOSB20001,Sha Tin,Ma On Shan Bypass near Hang Fai Street Park - Westbound ,22.41460057,114.2293417
TDSMOSB20002,Sha Tin,Ma On Shan Bypass near Ma On Shan Fire Station - Westbound ,22.41740787,114.2328588
TDSMOSB20003,Sha Tin,Ma On Shan Bypass near Ma On Shan Service Reservoir - Westbound ,22.42078397,114.2364831
TDSMOSB20004,Sha Tin,Ma On Shan Bypass near Lee On Estate - Westbound ,22.42410509,114.2419045
TDSMOSB20005,Sha Tin,Ma On Shan Bypass near Wu Kai Sha MTR Station - Westbound ,22.4278512,114.2455973
TDSMOSB20006,Sha Tin,Ma On Shan Bypass near Cheung Muk Tau - Westbound ,22.42924963,114.2485995
TDSMOSR10001,Sha Tin,Ma On Shan Road near Ah Kung Kok Fishermen Village - Northbound ,22.40427286,114.2184411
TDSMOSR10002,Sha Tin,Ma On Shan Road near Tai Shui Hang MTR Station - Northbound ,22.40819105,114.2223174
TDSMOSR10003,Sha Tin,Ma On Shan Road near Hang Tai Road - Northbound ,22.41281368,114.2256891
TDSMOSR20001,Sha Tin,Ma On Shan Road near Tai Shui Hang MTR Station - Southbound ,22.4086604,114.2231819
TDSMOSR20002,Sha Tin,Ma On Shan Road near Hang Tai Road - Southbound ,22.41310252,114.2261166
TDSNCWBR10001,Kwun Tong,New Clear Water Bay Road near St. Joseph's Anglo-Chinese School - Eastbound ,22.33308509,114.2185656
TDSNCWBR10002,Kwun Tong,New Clear Water Bay Road near Shun Lee Disciplined Services Quarters - Eastbound (1) ,22.33195569,114.2207493
TDSNCWBR10003,Kwun Tong,New Clear Water Bay Road near Shun Lee Disciplined Services Quarters - Eastbound (2) ,22.33297578,114.2220988
TDSNCWBR10004,Kwun Tong,New Clear Water Bay Road near New Clear Water Bay Road Sitting-out Area - Eastbound ,22.33414032,114.2235261
TDSNCWBR20001,Kwun Tong,New Clear Water Bay Road near Shun Lee Disciplined Services Quarters - Westbound (1) ,22.33172089,114.2207686
TDSNCWBR20002,Kwun Tong,New Clear Water Bay Road near Shun Lee Disciplined Services Quarters - Westbound (2) ,22.33303908,114.221798
TDSNCWBR20003,Kwun Tong,New Clear Water Bay Road near New Clear Water Bay Road Sitting-out Area - Westbound ,22.33410401,114.2241765
TDSNCWBR20004,Sai Kung,New Clear Water Bay Road near On Sau Road - Westbound ,22.33455355,114.2305348
TDSPBH10001,Tsuen Wan,Penny's Bay Highway near North Lantau Highway - Southbound ,22.3299468,114.0325262
TDSPBH10002,Tsuen Wan,Penny's Bay Highway near Inspiration Lake Recreation Centre - Southbound ,22.32549757,114.0357435
TDSPBH20001,Tsuen Wan,Penny's Bay Highway near North Lantau Highway - Northbound ,22.32823164,114.0332559
TDSPBH20002,Tsuen Wan,Penny's Bay Highway near Inspiration Lake Recreation Centre - Northbound ,22.32480302,114.0366761
TDSPERE10001,Kowloon City,Prince Edward Road East near Tak Ku Ling Road - Northbound ,22.32795141,114.1914536
TDSPERE10002,Kowloon City,Prince Edward Road East near Lee Kau Yan Memorial School - Northbound ,22.33146392,114.1952493
TDSPERE20001,Kowloon City,Prince Edward Road East near Regal Oriental Hotel - Southbound ,22.32915235,114.1927836
TDSPERE20002,Kowloon City,Prince Edward Road East near Lee Kau Yan Memorial School - Southbound ,22.3312743,114.1950358
TDSSPWR10001,Southern,Pok Fu Lam Road near St. Paul's College Primary School - Eastbound ,22.25479041,114.1383205
TDSSPWR10002,Southern,Shek Pai Wan Road near Wah Kwai Estate - Eastbound ,22.25047441,114.1412418
TDSSPWR10003,Southern,Shek Pai Wan Road near Shek Pai Wan Road Playground - Eastbound ,22.24939152,114.1450352
TDSSPWR20001,Southern,Shek Pai Wan Road near Wah Fu Road - Westbound ,22.25236165,114.1404555
TDSSPWR20002,Southern,Shek Pai Wan Road near Wah Kwai Estate - Westbound ,22.24993262,114.1414748
TDSSPWR20003,Southern,Shek Pai Wan Road near Shek Pai Wan Road Playground - Westbound ,22.249238,114.1450546
TDSTCKR10001,Sha Tin,Tai Chung Kui Road near Shing Mun River Promenade Garden No. 1 - Northbound ,22.37696033,114.1904877
TDSTCKR10002,Sha Tin,Tai Chung Kiu Road near Sha Tin Wai Road - Northbound ,22.38127651,114.1946539
TDSTCKR10003,Sha Tin,Tai Chung Kiu Road near Kong Pui Street Rest Garden - Northbound ,22.38265803,114.1960038
TDSTCKR10004,Sha Tin,Tai Chung Kiu Road near Sha Tin Road - Northbound ,22.38792217,114.200889
TDSTCKR20001,Sha Tin,Tai Chung Kiu Road near Sha Tin Wai Road - Southbound ,22.38045482,114.1939061
TDSTCKR20002,Sha Tin,Tai Chung Kiu Road near Kong Pui Street Rest Garden - Southbound ,22.38238715,114.1957221
TDSTCKR20003,Sha Tin,Tai Chung Kiu Road near Sha Tin Road - Southbound ,22.38659482,114.199976
TDSTCKR20004,Sha Tin,Tai Chung Kui Road near Shing Mun River Promenade Garden No. 2 - Southbound ,22.38827425,114.2016173
TDSTKR10001,Tai Po,Ting Kok Road near Fortune Garden - Eastbound ,22.45951611,114.1987444
TDSTKR10002,Tai Po,Ting Kok Road near Golf Park Golf Driving Range - Eastbound ,22.46077182,114.1948097
TDSTKR10003,Tai Po,Ting Kok Road near Dai Kwai Street - Eastbound ,22.46221721,114.1893302
TDSTKR10004,Tai Po,Ting Kok Road near Ting Hing Road - Eastbound ,22.46221743,114.1861531
TDSTKR10005,Tai Po,Ting Kok Road near Dai Fu Street Substation - Eastbound ,22.45981547,114.1832868
TDSTKR10006,Tai Po,Ting Kok Road near Fung Yuen Road - Eastbound ,22.45911119,114.1801194
TDSTKR10007,Tai Po,Ting Kok Road near Yue Kok Village Sitting-out Area - Eastbound ,22.45725998,114.1775448
TDSTKR10008,Tai Po,Ting Kok Road near Chung Nga Road - Eastbound ,22.45600466,114.1714046
TDSTKR20001,Tai Po,Ting Kok Road near Sam Mun Tsai Road - Westbound ,22.46013857,114.203
TDSTKR20002,Tai Po,Ting Kok Road near Fortune Garden - Westbound ,22.45969693,114.1971122
TDSTKR20003,Tai Po,Ting Kok Road near Lo Fai Road - Westbound ,22.46156679,114.1919631
TDSTKR20004,Tai Po,Ting Kok Road near Ting Hing Road - Westbound ,22.46221737,114.1871344
TDSTKR20005,Tai Po,Ting Kok Road near Dai Fu Street Substation - Westbound ,22.46079072,114.1840544
TDSTKR20006,Tai Po,Ting Kok Road near Dai Fat Street - Westbound ,22.45909311,114.1807704
TDSTKR20007,Tai Po,Ting Kok Road near Yue Kok - Westbound ,22.45801854,114.1776614
TDSTKR20008,Tai Po,Ting Kok Road near Dai Fuk Street - Westbound ,22.45664591,114.1769521
TDSTKR20009,Tai Po,Ting Kok Road near On Po Road - Westbound ,22.45568867,114.1743484
TDSTPR10001,Tai Po,Tai Po Road - Yuen Chau Tsai near Kwong Wang Street - Souhtbound ,22.44619767,114.1745914
TDSTPR10002,Tai Po,Tai Po Road - Tai Po Kau near Tai Po Kau Fresh Water Pumping Station - Souhtbound ,22.44210687,114.1794779
TDSTPR10003,Tai Po,Tai Po Road - Tai Po Kau near Yat Yiu Avenue - Southbound ,22.43746513,114.182596
TDSTPR10004,Tai Po,Tai Po Road - Tai Po Kau near Lai Chi Hang - Southbound ,22.43383479,114.1847329
TDSTPR10005,Tai Po,Tai Po Road - Tai Po Kau near Tai Po Kau Garden - Souhtbound ,22.43270591,114.1861802
TDSTPR10006,Tai Po,Tai Po Road - Tai Po Kau near Tai Po Kau Park - Southbound ,22.43271464,114.1904058
TDSTPR10007,Tai Po,Tai Po Road - Tai Po Kau near Japanese International School - Southbound ,22.43156739,114.1942911
TDSTPR10008,Tai Po,Tai Po Road - Tai Po Kau near Po Leung Kuk Tin Ka Ping Millennium Primary School - Southbound ,22.42930954,114.1963501
TDSTPR10009,Tai Po,Tai Po Road - Tai Po Kau near Cheung Shue Tan Road - Southbound ,22.42510131,114.1966021
TDSTPR10010,Tai Po,Tai Po Road - Tai Po Kau near Dragon Fountain - Southbound ,22.42241023,114.1965434
TDSTPR10011,Sha Tin,Tai Po Road - Ma Liu Shui near Tai Po Mei - Southbound ,22.41963772,114.1978057
TDSTPR10012,Sha Tin,Tai Po Road - Ma Liu Shui near Chek Nai Ping - Souhtbound ,22.41948385,114.2003214
TDSTPR10013,Sha Tin,Tai Po Road - Ma Liu Shui near University Avenue - Southbound ,22.41770436,114.2034874
TDSTPR10014,Sha Tin,Tai Po Road - Ma Liu Shui near De Yucca - Southbound ,22.41540117,114.2058957
TDSTPR10015,Sha Tin,"Tai Po Road - Ma Liu Shui near Hyatt Regency Hong Kong, Sha Tin - Southbound ",22.4096207,114.2108089
TDSTPR10016,Sha Tin,Tai Po Road - Ma Liu Shui near Kau To Shan Road - Southbound ,22.40587363,114.2079041
TDSTPR20001,Tai Po,Tai Po Road - Tai Po Kau near Tai Po Kau Fresh Water Pumping Station - Northbound ,22.44241391,114.178963
TDSTPR20002,Tai Po,Tai Po Road - Tai Po Kau near Yin Tse Lane - Northbound ,22.43989433,114.1824407
TDSTPR20003,Tai Po,Tai Po Road - Tai Po Kau near Lai Chi Hang - Northbound ,22.43592088,114.1835674
TDSTPR20004,Tai Po,Tai Po Road - Tai Po Kau near Tai Po Kau Park - Northbound ,22.43260629,114.1901629
TDSTPR20005,Tai Po,Tai Po Road - Tai Po Kau near Japanese International School - Northbound ,22.43172997,114.1940095
TDSTPR20006,Tai Po,Tai Po Road - Tai Po Kau near Po Leung Kuk Tin Ka Ping Millennium Primary School - Northbound ,22.42967078,114.1962239
TDSTPR20007,Tai Po,Tai Po Road - Tai Po Kau near Cheung Shue Tan Road - Northbound ,22.42641979,114.1963692
TDSTPR20008,Tai Po,Tai Po Road - Tai Po Kau near Dragon Fountain - Northbound ,22.42323203,114.196359
TDSTPR20009,Tai Po,Tai Po Road - Tai Po Kau near Tai Po Mei - Northbound ,22.42007139,114.1960963
TDSTPR20010,Sha Tin,Tai Po Road - Ma Liu Shui near Chek Nai Ping - Northbound ,22.41937572,114.198641
TDSTPR20011,Sha Tin,Tai Po Road - Ma Liu Shui near University Avenue - Northbound ,22.41794832,114.2026522
TDSTPR20012,Sha Tin,Tai Po Road - Ma Liu Shui near De Yucca - Northbound ,22.41568117,114.2055947
TDSTPR20013,Sha Tin,Tai Po Road - Ma Liu Shui near University MTR Station - Northbound ,22.4124385,114.2094207
TDSTPR20014,Sha Tin,Tai Po Road - Ma Liu Shui near Sha Tin Sewage Treatment Works - Northbound ,22.40679435,114.2098273
TDSTPTWR10001,Tai Po,Tai Po Tai Wo Road near Tai Po Arts Centre - Eastbound ,22.45110097,114.1679074
TDSTPTWR10002,Tai Po,Tai Po Tai Wo Road near New Territories North Regional Police Headquarters - Eastbound ,22.45110116,114.1724054
TDSTPTWR20001,Tai Po,Tai Po Tai Wo Road near New Territories North Regional Police Headquarters - Westbound ,22.45107404,114.1715699
TDSTPTWR20002,Tai Po,Tai Po Tai Wo Road near Yuen Shin Park - Westbound ,22.45102898,114.1764178
TDSTTR10001,Tuen Mun,Tsing Tin Road near Tsing Tin Playground - Eastbound ,22.40521975,113.969399
TDSTTR10002,Tuen Mun,Tsing Tin Road near Tuen Mun Tang Shiu Kin Sports Ground - Eastbound ,22.40517157,113.9741288
TDSTTR10003,Tuen Mun,Tsing Tin Road near Tuen Mun Hospital - Eastbound ,22.40578786,113.9759052
TDSTTR20001,Tuen Mun,Tsing Tin Road near Tsing Tin Playground - Westbound ,22.40531969,113.9698748
TDSTTR20002,Tuen Mun,Tsing Tin Road near Tuen Mun Hospital - Westbound ,22.40577023,113.9762548
TDSTYR10001,Yuen Long,Tin Ying Road near Tin Wah Road - Northbound ,22.4623572,113.9933802
TDSTYR10002,Yuen Long,Tin Ying Road near Tin Sau Road - Northbound ,22.46837449,113.9960735
TDSTYR10003,Yuen Long,Tin Ying Road near Tin Yuet Road - Northbound ,22.47060618,113.9971296
TDSTYR20001,Yuen Long,Tin Ying Road near Tin Sau Road - Southbound ,22.46659458,113.9952499
TDSTYR20002,Yuen Long,Tin Ying Road near Tin Yuet Road - Southbound ,22.47096761,113.9973235
TDSTYR20003,Yuen Long,Tin Ying Road near Lau Fau Shan Fire Station Cum Ambulance Depot - Westbound ,22.47159559,114.0017631
TDSYSR10001,Tai Po,Yuen Shin Road near Yuen Chau Tsai Park - Northbound ,22.44647763,114.1768453
TDSYSR10002,Tai Po,Yuen Shin Road near Tai Po Tai Wo Road - Northbound ,22.45193202,114.1772727
TDSYSR10003,Tai Po,Yuen Shin Road near Dai Fat Street - Northbound ,22.45399999,114.1779917
TDSYSR20001,Tai Po,Yuen Shin Road near Tai Po Tai Wo Road - Southbound ,22.45038781,114.1770687
TDSYSR20002,Tai Po,Yuen Shin Road near Dai Fat Street - Southbound ,22.45295246,114.1777196
TDSYSR20003,Tai Po,Yuen Shin Road near Dai Fuk Street - Southbound ,22.45610408,114.1776516
